田***0,2017-08-23 11:26:19,不错
q***5,2017-08-23 11:00:54,酒已经收到了，还没喝喝了在追评
大***6,2017-08-23 10:32:31,好评
潘***生,2017-08-23 10:32:07,商品不去评价他，店铺员工服务态度如果10分的我放真的想给个0分，服务态度真的有待改进，真的是太差太差了，多回复几个字都没有。
布***c,2017-08-23 10:27:53,好
m***8,2017-08-23 08:04:51,好评  质量好  便宜
h***2,2017-08-22 16:42:04,拍起来太难了，存着过年喝喝
z***6,2017-08-22 14:39:30,非常不错！
l***3,2017-08-22 08:19:24,好不容易抢到的，好评！
j***己,2017-08-21 23:16:13,支持国货，喝茅台！
j***己,2017-08-21 23:16:01,支持国货，喝茅台！
数***2,2017-08-21 18:48:38,好
数***2,2017-08-21 18:48:28,好
数***2,2017-08-21 18:48:16,好
t***哥,2017-08-21 15:50:01,客服的话根本不能信，发票系统又有漏洞，服务态度也不好
t***哥,2017-08-21 15:49:02,发票系统简直垃圾，系统不让改信息，到头来自己下载发票，客服还怪我不会修改
森***3,2017-08-21 13:44:11,国酒茅台，涨疯了，一茅难求！
孙***乖,2017-08-21 13:35:55,茅台实在是太难抢了，一茅难求！
卫***7,2017-08-21 13:33:22,收藏了，过节，送朋友！
s***1,2017-08-21 11:05:37,不错，不错。
雍***安,2017-08-21 10:10:58,包装非常仔细，物流也很快
a***0,2017-08-21 09:53:24,好！
晚***啊,2017-08-21 03:16:44,非常好，就是商家出的太少了。
李***家,2017-08-20 22:25:50,感觉打开盒子有酒味，漏了
a***n,2017-08-20 20:58:22,好难抢哦。
w***i,2017-08-20 20:13:58,吾已消费淘宝十数年，深知各产品琳琅满目。然，唯此宝物与众皆不同， 为出淤泥之清莲。使吾为之 动容，心驰神往。乃至饭不能食，寝则不安，辗转反侧 无法忘怀。于是乎紧衣缩食，凑齐银两，倾吾所能而买。强哥之热心与快递员之殷切让人感染，感激怜涕。打开包裹之时，顿时金光四射，屋内升起七彩祥云，处处都是祥和之气。吾惊讶之余更是欣喜若狂，呜呼哀哉！此宝乃是天上物，人间又得几回求！遂沐浴更衣， 焚香祷告后与家人共赏此宝。妻则赞叹不已，不仅赞叹此宝物款型及做工，超高性价比！且赞吾独具慧眼与时尚品位，更予红唇相赠。 产品介绍果然句句实言，毫无夸大欺瞒之嫌。此属大家风范，忠义之商贾。 吾已消费淘宝十数年，深知各产品琳琅满目。然，唯此宝物与众皆不同， 为出淤泥之清莲。使吾为之 动容，心驰神往。乃至饭不能食，寝则不安，辗转反侧 无法忘怀。于是乎紧衣缩食，凑齐银两，倾吾所能而买。强哥之热
t***3,2017-08-20 18:39:11,值得收藏和送人
t***3,2017-08-20 18:38:47,不会坏，快递也很快
t***3,2017-08-20 18:38:27,香，存着
t***3,2017-08-20 18:38:05,物流快，好
小***r,2017-08-20 15:04:54,包装结实，收到后检查完美无漏酒。
崔***j,2017-08-20 11:58:33,很六
w***t,2017-08-20 09:31:48,包装很好！
小***n,2017-08-20 07:56:44,每次抢2瓶弄了一箱，包装严实，自己不喝酒全送人的
浪***5,2017-08-20 00:10:39,东西收到了，很满意，也非常划算，配送也很快。下次还来购买～～～
浪***5,2017-08-20 00:10:05,东西收到了，很满意，也非常划算，配送也很快。下次还来购买～～～
t***9,2017-08-19 22:43:14,口味不错
裂***实,2017-08-19 21:30:18,酒很好喝，发货也快
阿***n,2017-08-19 16:55:26,挺好的，可惜就是不能整箱购买。
m***8,2017-08-19 14:06:10,是正品  口感很好  下次还来买
f***o,2017-08-19 12:27:44,非常好，就是太难买了，好评！
张***9,2017-08-19 12:14:56,飞天、鸡茅各抢六瓶放着以后喝
张***9,2017-08-19 12:13:46,儿子属鸡，飞天、鸡茅各抢六瓶存着以后喝。
张***9,2017-08-19 12:10:45,飞天、鸡茅各秒抢六瓶
f***y,2017-08-19 10:23:36,难抢
郑***1,2017-08-19 10:05:36,我抢了那么久才抢到一次，抢到的送人了，本想抢一瓶自己珍藏，那么难抢！！！我对茅台彻底绝望了！
莱***子,2017-08-19 10:00:02,好是好，就是常常秒不到货
晓***1,2017-08-19 09:54:41,买够6瓶
y***满,2017-08-19 09:40:27,包装扎实，不愧是大牌的
5***1,2017-08-19 09:23:11,皇帝的女儿不愁嫁，在这一波茅台抢购潮中服务可想而知！
谷***i,2017-08-19 08:41:43,这是买的第十瓶了，可惜秤了一下，比其他八瓶的少2两，可惜了，不能收藏了
l***0,2017-08-19 00:28:07,可以
c***7,2017-08-18 19:44:44,有一拼漏了，哎
w***i,2017-08-18 19:15:14,别限购行不行。不能买了。
n***8,2017-08-18 17:09:32,酒很好，服务也好，饥饿营销无货不好。
c***7,2017-08-18 16:45:40,包装差点，有一瓶漏了
t***0,2017-08-18 14:56:05,很不错，国酒茅台，可惜只抢到了一瓶，两天不到就喝完了，还想买多一瓶犒劳自己
w***1,2017-08-18 14:26:34,此用户没有填写评论!
漂***哥,2017-08-18 08:17:48,此用户没有填写评论!
我***0,2017-08-18 08:15:43,挺好喝的
皇***张,2017-08-18 08:06:49,好酒，很好，是正品
z***1,2017-08-18 00:11:15,还可以，基本都能抢到，准备酒水节再买一箱
l***8,2017-08-17 18:29:15,挺好，
我***淘,2017-08-17 17:56:00,是正品
郭***3,2017-08-17 16:08:14,正品，好不容易抢到的，第二天再抢就抢不到了，希望多出点库存
w***1,2017-08-17 16:02:02,太难抢了，好长时间都没抢到了，感觉还没开始就结束了，难道后台有限制？
t***2,2017-08-17 11:33:18,帮朋友买的
t***2,2017-08-17 11:33:01,帮别人买的，
l***2,2017-08-17 11:08:03,好东西就是好东西，希望是正品
c***3,2017-08-17 10:45:57,非常满意的一次购物。
c***3,2017-08-17 10:45:10,非常好，太棒了。
风***行,2017-08-17 09:00:16,太难抢了
h***n,2017-08-17 07:32:26,非常好，
q***9,2017-08-17 02:11:39,好
璀***贸,2017-08-16 22:57:21,到了。抢不到啊
璀***贸,2017-08-16 22:57:07,到了。抢不到啊
璀***贸,2017-08-16 22:56:48,到了。抢不到啊
心***1,2017-08-16 22:56:21,挺好的
y***6,2017-08-16 22:42:52,正品
李***5,2017-08-16 21:47:53,除了难抢，什么不错！
李***5,2017-08-16 21:47:01,不错！值得拥有！
c***2,2017-08-16 19:21:47,早上抢到了两支，下午就发货了。。很快，刚好碰到这个星期要请客，用茅台招待刚刚好！
叶***建,2017-08-16 18:28:20,包装保护很好，抢了很久终于抢到一瓶，后悔当初便宜的时候没买，相信官方店的品质，没漏酒
1***边,2017-08-16 17:35:17,太难拍了，不到一秒就没有了
中***居,2017-08-16 16:51:12,茅台嘛，没啥好说的！好酒！
冥***天,2017-08-16 16:36:17,收到货的第一天就一个人喝完了。
冥***天,2017-08-16 16:35:11,好酒好酒，喝一壶。
冥***天,2017-08-16 16:34:01,好酒，没事的时候喝上两杯，人生一大快事啊。
b***e,2017-08-16 16:22:12,ok
s***5,2017-08-16 15:40:46,包装很好，物流也挺快的，还没喝，留着跟习大大喝?
y***t,2017-08-16 15:30:13,好好好好好好好好
s***a,2017-08-16 14:28:32,就是不好抢，但是还天天上架，老得盯着
机***智,2017-08-16 14:28:13,不错哦，茅台拿来收藏可以的，很喜欢哈哈哈哈哈
q***1,2017-08-16 14:02:45,没喝！应该是正品
h***1,2017-08-16 12:05:10,好酒，好快递 给顺丰小哥点个赞
h***1,2017-08-16 12:04:11,好难抢的感脚 好酒赞一个 德邦有些小慢，建议以后都发顺丰
王***歆,2017-08-16 11:48:47,此用户没有填写评论!
王***歆,2017-08-16 11:48:33,此用户没有填写评论!
王***歆,2017-08-16 11:48:21,此用户没有填写评论!
王***歆,2017-08-16 11:48:10,此用户没有填写评论!
王***歆,2017-08-16 11:47:50,此用户没有填写评论!
王***歆,2017-08-16 11:47:31,此用户没有填写评论!
h***鸡,2017-08-16 11:20:00,好评
榕***业,2017-08-16 10:26:26,非常完美！
吕***8,2017-08-16 09:50:41,非常好给老爸买的他过寿，说非常好喝，今天我在给他买一瓶
t***5,2017-08-16 09:25:28,买了过年吃。外面价格太高了
战***1,2017-08-16 08:39:06,酒非常好，
承***1,2017-08-16 01:35:03,很好呦
m***1,2017-08-16 00:18:05,需要了再来
m***1,2017-08-16 00:17:33,到货很快
秦***银,2017-08-15 23:52:12,太难抢了，真假应该没问题吧！
浪***5,2017-08-15 20:35:21,东西收到了，很满意，也非常划算，配送也很快。下次还来购买～～～
y***2,2017-08-15 20:25:28,客服太差了，国企就是牛，太难抢了，后台有设置，抢到一瓶，就再也不会抢到了，一言难尽，买瓶酒太难了，天猫这么多年购物，属这个钱花的费劲，
小***n,2017-08-15 18:51:32,还是比较好抢的
c***6,2017-08-15 18:46:00,靠谱
l***8,2017-08-15 18:20:09,物流有点慢
杏***9,2017-08-15 18:09:22,好评
z***9,2017-08-15 14:19:16,物流非常快，很放心。贷物包装很好。值得信赖！下次期待能买到更多产品。
改***8,2017-08-15 13:52:11,标准茅粉，感觉买上瘾了
f***n,2017-08-15 13:02:22,下单当日就发货，快，遗憾的是盒子里没有防伪说明小册子
花***9,2017-08-15 10:33:15,非常好
l***g,2017-08-15 10:01:01,宝贝不错，就是抢不到
梦***子,2017-08-15 09:43:15,物流速度很快，酒口感好！特别喜欢！！
t***1,2017-08-15 09:30:52,发货超快，当天下单当天发货，到处买不到只有来抢购，虽然机率小但质量有保障。
g***8,2017-08-15 09:29:39,很好
心***0,2017-08-15 09:05:50,发货快当天下单当天发货，只是太难抢到了，为过年作准备。
轩***9,2017-08-15 08:06:00,买了两瓶珍藏，好棒
h***6,2017-08-14 20:35:17,合适，感觉包装和苏宁易购上有点不一样，这
w***5,2017-08-14 19:39:55,一如既往的好 快递小哥非常热情
大***3,2017-08-14 18:32:08,正品好货
大***3,2017-08-14 18:31:45,正品好货
洪***5,2017-08-14 17:27:12,好
a***舒,2017-08-14 17:20:09,真是难抢&hellip;&hellip;
a***舒,2017-08-14 17:19:25,酒杯坏了，客服很热情，给补发了。
t***7,2017-08-14 16:25:18,好不容易抢了一瓶，囤着！
l***7,2017-08-14 16:10:04,只是越来越贵
k***0,2017-08-14 15:51:49,不错，是正品
h***鸡,2017-08-14 15:44:07,好评
马***9,2017-08-14 15:12:24,很难抢，好好喝，这个酒喝得很爽
小***郭,2017-08-14 14:53:59,真品，先珍藏！！！
曾***0,2017-08-14 14:15:13,嗯
慕***依,2017-08-14 12:43:16,送给长辈的
y***2,2017-08-14 11:56:09,发货很快，有点意外。验证有信息。
l***0,2017-08-14 10:43:59,好东西就是难买，现在每天都很难买得到了
木***叶,2017-08-14 10:08:41,买到用到，很好的一个产品，棒！
木***叶,2017-08-14 10:06:52,买到用到，很好的一个产品，棒！
w***1,2017-08-14 10:04:31,总体满意，缺点就是不好抢。
t***1,2017-08-14 10:00:53,好
w***r,2017-08-14 09:11:55,包装好，无破损，收藏
h***n,2017-08-14 08:11:30,官网买的就是不一样，现在还是要靠抢，一箱买总是抢不到，改2瓶2瓶抢
c***8,2017-08-14 05:10:54,尚未开封，没法100%判断真假，希望是真的吧。期间下了三张单。每张单发货的具体地点都不一样，但都是从贵州市发出去的。物流有的是顺丰，有的是德邦物流。看不懂的节奏。
c***8,2017-08-14 05:10:16,尚未开封，没法100%判断真假，希望是真的吧。期间下了三张单。每张单发货的具体地点都不一样，但都是从贵州市发出去的。物流有的是顺丰，有的是德邦物流。看不懂的节奏。
铭***2,2017-08-13 23:26:59,假酒，千真万切假酒，纸盒]封条，说好的带货一起发发票]来，纸盒底部明显是二次使用，准备开始申请天猫介入，假酒假酒假酒，大家别上当
c***e,2017-08-13 21:19:38,商品包装的非常严实，收到后包装没有发现任何破损。宝贝虽然还没有使用，但是从外观上看起来应该很不错，比较满意，下次要是需要的话可以再来买，也推荐大家购买。发货及时，物流快！5分好评！打开喝了，不错，都认为是真的，应该就是真的吧，买了好几次了，建议以后发货尽量外观上不要体现出贵州茅台的字样，以免被快递换货
规***0,2017-08-13 20:53:05,摸摸你么么哒
z***9,2017-08-13 16:26:18,发货非常及时，包装很完美。值得信赖。
t***5,2017-08-13 15:13:15,此用户没有填写评论!
w***9,2017-08-13 14:17:35,正宗
木***8,2017-08-13 13:46:17,可以多购2瓶就更完美了
海***涯,2017-08-13 13:36:06,产品没问题，就是抢的太辛苦，作为茅台股东看到这种情况也是爱恨交加，希望茅台公司能增加茅台酒的网上销售比例。
t***1,2017-08-13 11:33:15,好
h***b,2017-08-13 11:24:08,东西肯定厂里出来的 就是每天十点蛮难抢的
梦***子,2017-08-13 11:15:47,酒不醉人，人自醉！难得的好酒！！
g***8,2017-08-13 10:57:38,ok
萧***8,2017-08-13 10:18:00,限购的很厉害，很难抢到了两瓶
a***j,2017-08-13 09:24:08,发货很快，包装很好，酒完好无损。非常喜欢
那***z,2017-08-13 09:15:58,物流挺快的。
l***i,2017-08-13 00:39:36,很好，就是盒子有折痕
l***猪,2017-08-12 22:10:11,给朋友买的，相信不会让人失望的
c***6,2017-08-12 21:03:33,发货快，还送了验酒器，最重要的是比京东靠谱多了，这里天天都能抢，京东太坑爹！！！
洪***5,2017-08-12 20:59:58,挺好的
傻***1,2017-08-12 18:24:59,good
安***圆,2017-08-12 17:17:06,8月11号拍的。12号就到成都了。好快啊。真的快
亲***哥,2017-08-12 17:01:52,终于抢到了  不错的
b***e,2017-08-12 16:39:54,ok
f***o,2017-08-12 16:10:28,非常满意，给同事买的，验了，正品无疑！
l***3,2017-08-12 15:29:27,由于外卖茅台价格高企，很担心物流过程被调包换假货，希望公司加强物流过程监控！！！
y***o,2017-08-12 15:28:00,不容易抢的到啊
慕***依,2017-08-12 15:13:14,速度快，这酒真心不错
q***5,2017-08-12 15:05:18,什么都好就是限购不好
永***g,2017-08-12 13:36:08,好，1099性价比很高
y***你,2017-08-12 13:25:43,不错，包装严实，发货也快，正品
月***橱,2017-08-12 10:02:15,期待
j***8,2017-08-12 09:42:20,好酒
j***8,2017-08-12 09:41:45,好酒
j***8,2017-08-12 09:41:13,好酒
吕***8,2017-08-12 09:15:54,非常满意送朋友的谢谢
郑***馨,2017-08-12 09:09:59,不错?????????
w***1,2017-08-12 08:43:49,难抢啊
阿***啦,2017-08-12 08:13:28,帮别人买的
z***8,2017-08-11 23:03:05,此用户没有填写评论!
风***香,2017-08-11 22:32:10,虽然很难抢，官网的茅台买着放心！
谷***i,2017-08-11 22:27:31,同样也是无漏
谷***i,2017-08-11 22:26:56,完美无漏
z***9,2017-08-11 21:54:49,好喝
z***9,2017-08-11 21:54:37,好喝
z***9,2017-08-11 21:54:22,好喝
z***9,2017-08-11 21:54:06,好喝
梦***子,2017-08-11 21:27:35,很满意，酒不错，好喝！继续买点送朋友！！
浪***7,2017-08-11 20:34:33,东西收到了，很满意，也非常划算，配送也很快。下次还来购买～～～
钟***4,2017-08-11 19:36:59,希望能再抢到
钟***4,2017-08-11 19:36:31,希望能继续抢到
钟***4,2017-08-11 19:35:54,好难抢
w***6,2017-08-11 19:27:01,赞一个，毕竟好不容易抢到的。茅台现在怎么和小米一个揍性，都要抢。
t***7,2017-08-11 18:21:22,不错
晶***宝,2017-08-11 18:04:11,?
有***2,2017-08-11 16:34:01,好评
有***2,2017-08-11 16:33:35,好评
杏***9,2017-08-11 16:31:43,好评
h***1,2017-08-11 14:27:32,哎嘛呀，秒没，还好手快，可惜限购，存折过些年喝
爱***4,2017-08-11 14:25:07,发货快，本地超市的不放心，相信官网的质量。
a***8,2017-08-11 13:15:24,老丈人和亲爹一人一瓶。
s***8,2017-08-11 13:01:27,没毛病，就是不好抢
冰***t,2017-08-11 12:50:57,看了战狼2想买茅台喝下，国酒囗感没的说。。。
w***t,2017-08-11 12:36:33,包装真心好！
w***5,2017-08-11 11:15:45,包装的非常好 也没有任何破损 完美
l***3,2017-08-11 10:57:49,抢到二瓶，真的，完美。
木***儡,2017-08-11 10:49:16,此用户没有填写评论!
洪***5,2017-08-11 10:19:50,太难抢了！！！！！！！！
杏***9,2017-08-11 10:04:26,好评 就是太难抢了
c***2,2017-08-11 09:30:08,送过来有一瓶酒渗出来，嫌麻烦费事退了。。麻烦下次包装注意点！
z***m,2017-08-11 09:19:11,好
p***n,2017-08-11 00:54:30,中国好东西！
p***n,2017-08-11 00:53:52,满意！
傻***1,2017-08-10 21:54:34,满意
k***s,2017-08-10 20:29:49,酒厂购买的就是放心！可惜发过来，其中一瓶有点渗酒出来！
c***8,2017-08-10 19:34:57,此用户没有填写评论!
杰***9,2017-08-10 19:26:00,很好很强大，实体店这个价格买不到了，这里再买不到就只好选其他的酒了
t***1,2017-08-10 18:53:41,好
w***5,2017-08-10 18:39:17,大品牌 值得信任
狠***男,2017-08-10 16:55:42,正品。好不容易抢到??
月***橱,2017-08-10 16:44:53,速度
黄***m,2017-08-10 16:20:47,此用户没有填写评论!
x***n,2017-08-10 16:07:58,很满意 酒很好
x***n,2017-08-10 16:06:42,酒很好 很满意
阿***啦,2017-08-10 14:50:57,帮别人抢的，不知如何
t***6,2017-08-10 14:22:54,此用户没有填写评论!
o***k,2017-08-10 13:15:40,棒棒的，第一次网上购买如此贵重的商品，是正品，开心！
z***m,2017-08-10 12:45:26,好
在***4,2017-08-10 12:34:09,正品 非常棒
龙***8,2017-08-10 11:56:01,好，尤其是发货速度很快了，变化不是一般大
t***1,2017-08-10 10:55:10,此用户没有填写评论!
德***啊,2017-08-10 10:34:36,可以
兜***哥,2017-08-10 10:12:19,此用户没有填写评论!
阿***7,2017-08-10 10:09:52,官网质量肯定没问题。发货也比想象要快
x***7,2017-08-10 09:49:56,正品
x***7,2017-08-10 09:49:40,正品
会***0,2017-08-10 07:38:00,很好
会***0,2017-08-10 07:37:32,很好
h***鸡,2017-08-10 00:12:52,今天刚刚有空喝确实真品，要是能直接按箱买就好了。秒杀太难非得到点，有时忙的忘记时间。
泉***仙,2017-08-09 23:26:38,抢到的好评
海***8,2017-08-09 21:59:04,好
t***3,2017-08-09 20:00:01,收藏
t***1,2017-08-09 15:28:11,此用户没有填写评论!
詹***1,2017-08-09 12:53:48,发货速度很快，包装很到位，客服服务态度也超棒，给5星好评
e***5,2017-08-09 11:36:10,非常完美 无漏酒 无跑味 克重足 外观朴素典雅 官网的贴心包装给你120个赞
w***l,2017-08-09 10:31:41,是什么造就他的今天，早点坐牢去吧好吧
w***l,2017-08-09 10:27:55,看这个小伙喝了酒开始行骗了哈哈。
文***9,2017-08-09 10:02:14,赞
文***9,2017-08-09 10:02:00,超棒
詹***1,2017-08-09 09:55:14,收藏价值非常高
雪***鸦,2017-08-09 09:49:48,酒出问题，所以拉回去了。客服和快递小哥都挺好挺负责的！
雪***鸦,2017-08-09 09:48:37,挺好的！
雪***鸦,2017-08-09 09:48:00,挺好！
津***爷,2017-08-09 09:46:29,东西收到了，很好，以后有需要会再次购买的！
崔***j,2017-08-09 09:36:28,恩
q***8,2017-08-09 09:34:18,非常好，但有一瓶酒盖不紧。
h***d,2017-08-09 09:19:52,好的
c***1,2017-08-09 08:29:53,价格贵了些，前段时间买1199元，现在涨到1299，而且还没货。
c***3,2017-08-09 06:23:53,很好
我***子,2017-08-09 01:04:59,宝贝超级好哟！！！！！！继续回购！ 客服太差太差
w***g,2017-08-09 00:07:53,满意，数次购买了。信得过
q***9,2017-08-08 23:59:33,收藏
峰***6,2017-08-08 21:47:18,好。
x***7,2017-08-08 20:30:36,宝贝收到还不错，是正品。
x***7,2017-08-08 20:24:49,宝贝收到是正品，就是太难抢了。
a***羽,2017-08-08 16:22:41,买得开心，用得放心~值得推荐！
t***8,2017-08-08 16:20:53,此用户没有填写评论!
b***e,2017-08-08 15:29:30,ok
梦***3,2017-08-08 15:06:45,买到当天就发货了，2瓶也给配了礼袋和验酒器，包装也很小心，就是太难买了 物流主动帮助验货服务很好
y***1,2017-08-08 15:02:08,八月十五送礼刚好用。挺好的
w***1,2017-08-08 14:48:35,不错哦
w***1,2017-08-08 14:48:06,好
w***1,2017-08-08 14:47:31,不错
w***1,2017-08-08 14:46:55,不错
y***2,2017-08-08 14:41:07,买了十几瓶了，感觉很不错，哈哈
郑***馨,2017-08-08 14:10:28,不错????????
郑***馨,2017-08-08 14:10:02,不错?????????????
j***2,2017-08-08 12:47:49,囤货中，不好抢啊
j***2,2017-08-08 12:47:15,囤货中
小***别,2017-08-08 11:43:34,酒没话说，很好，快递很好。
b***g,2017-08-08 11:11:59,国酒没什么好说了
叶***8,2017-08-08 10:35:54,?
新***品,2017-08-08 10:27:58,很好
新***品,2017-08-08 10:26:55,发货速度越来越快了
新***品,2017-08-08 10:26:32,非常好
新***品,2017-08-08 10:26:18,好好好好
k***a,2017-08-08 10:15:11,完美，就是太难抢了
海***8,2017-08-08 10:06:02,好
海***8,2017-08-08 10:05:51,好
海***8,2017-08-08 10:05:35,好
海***8,2017-08-08 10:05:24,好
海***8,2017-08-08 10:04:50,好
刘***0,2017-08-08 10:04:18,好
刘***0,2017-08-08 10:04:10,好
刘***0,2017-08-08 10:03:59,好
刘***0,2017-08-08 10:03:47,好
浪***7,2017-08-08 09:41:01,东西收到了，很满意，也非常划算，配送也很快。下次还来购买～～～
四***荣,2017-08-08 09:24:23,前期还能抢购，后期抢不到了，茅台一天一个价，涨得太可怕了
四***荣,2017-08-08 09:18:08,超级缺货，后面很难抢到，一瓶难求，好多地方都买不到，飞天茅台一天一个价，真是可怕
h***9,2017-08-08 07:49:10,货真价实！
h***9,2017-08-08 07:48:38,货真价实！
h***9,2017-08-08 07:48:11,货真价实！
m***傻,2017-08-08 07:14:56,一瓶就不送手提袋吗？？？
h***j,2017-08-08 06:54:54,抢了好多天才抢到的，帮老公买的，还没拆封，先给5分好评。
z***6,2017-08-08 00:14:39,买了做装饰的，旗舰店买的应该是正品吧！还会再买
w***0,2017-08-07 22:59:22,价格涨了，还限量了，当然比当地实体店还要便宜些。抢了好几天才抢到2瓶，不知道年底又或者明年会是什么价格。
傻***1,2017-08-07 22:56:26,满意
阳***1,2017-08-07 21:48:13,应该没问题?
陈***l,2017-08-07 21:30:22,东西是真的 新酒 价格年前肯定要超2000
f***7,2017-08-07 20:52:03,货好，包装完美，价格合适
y***1,2017-08-07 20:30:01,发货很快，拍下当天就发货了，就是物流有点慢 ，顺丰竟然等了好几天才到。东西应该是正品，包装什么的都很好。准备放放再喝。
小***月,2017-08-07 18:45:15,非常好。顺丰快递小哥一如即往地好！
金***宇,2017-08-07 17:20:35,酒很便宜 酒真 速度快的，俺以后还来
诗***念,2017-08-07 17:05:07,酒是正品，就是太难买的到
y***1,2017-08-07 16:59:28,发货好快，包装牢靠！
c***3,2017-08-07 15:39:04,好酒，就是价格
长***庆,2017-08-07 14:24:35,专业包装，发货迅速。48小时收到，国酒风范！！！
杰***9,2017-08-07 14:16:10,发货很快，特别谢谢客服提莫，很好～
n***t,2017-08-07 14:02:01,好不容易才秒到一瓶，相信是真品。希望能多买几瓶。
z***茄,2017-08-07 13:45:11,很好
s***y,2017-08-07 13:22:56,好评！
r***6,2017-08-07 13:21:05,还没有喝，应该是正品，相信天猫旗舰店 好
1***陈,2017-08-07 13:11:08,好难抢 好
1***陈,2017-08-07 13:10:21,好酒，为什么每人只能拍6瓶呀 好
1***陈,2017-08-07 13:08:25,好酒，就是很不容易抢 好
j***林,2017-08-07 13:00:56,一根本不够喝，希望能多买几次
j***林,2017-08-07 12:59:56,非常好
詹***1,2017-08-07 12:45:37,厂家很给力
詹***1,2017-08-07 12:40:21,发货速度很快，包装也很得体，货真价实
z***2,2017-08-07 12:24:09,很好很满意
郭***豪,2017-08-07 12:00:35,正品
郭***豪,2017-08-07 12:00:04,正品
林***5,2017-08-07 10:52:27,货源保持完好，就是一瓶装的少了个袋子
小***别,2017-08-07 10:17:17,酒还是一如既往的好，唯一不好就是快递，感觉盒子都变形了
a***2,2017-08-07 10:10:18,从工厂商城直购，心里踏实。以前从*东买过两瓶。到货后包装底部有开过的痕迹。他们的解释是打包时忘记放赠品，所以开箱是为了放赠品。天知道他们说得是真是假。直购好，放心。
w***t,2017-08-07 09:29:11,包装很严实，至今没有拆包装，准备就这么短期收藏了
w***t,2017-08-07 09:28:19,包装非常好！酒是2017年6月份的
w***t,2017-08-07 09:27:36,包装非常好。酒是2017年6月份的
琪***7,2017-08-07 09:23:27,都很满意，只是希望下次快递可以提前打电话
樱***6,2017-08-07 08:39:13,帮同事买的 发货快
木***叶,2017-08-06 23:58:36,很好，我很满意，希望能再次购买
木***叶,2017-08-06 23:58:23,很好，我很满意，希望能再次购买
木***叶,2017-08-06 23:58:11,很好，我很满意，希望能再次购买
木***叶,2017-08-06 23:57:56,很好，我很满意，希望能再次购买
木***叶,2017-08-06 23:57:08,很好，我很满意，希望能再次购买
木***叶,2017-08-06 23:56:49,很好，我很满意，希望能再次购买
s***k,2017-08-06 23:36:02,第二天抢到的
n***8,2017-08-06 23:24:36,好
n***8,2017-08-06 23:24:14,好
名***兔,2017-08-06 18:59:48,飞天也这么难抢。
w***i,2017-08-06 18:56:08,给老爸抢的。放几年再喝。
1***s,2017-08-06 17:55:36,瓶封口是松的，怀疑假酒，这个质量不靠谱！因为没喝，强烈怀疑质量有问题！
c***6,2017-08-06 17:06:17,东西收到了，满意。客服也很不错，就是这次物流没以前给力了。
z***2,2017-08-06 17:00:41,非常棒，很满意
b***星,2017-08-06 16:52:44,收到了，挺好，明天继续抢丁酉鸡年生肖酒
木***8,2017-08-06 16:37:26,好，当天就发货了
f***9,2017-08-06 16:26:16,很不错的一次购物，茅台酒，真的很棒呀！值了！
l***0,2017-08-06 15:20:33,没毛病，茅台好酒，溢价稍高了。渠道为王，喝着放心
w***1,2017-08-06 12:39:36,相信官网，老百姓太难买到，虽是第一品牌酒
t***r,2017-08-06 11:54:00,Very Good ！这次还送了个防伪鉴别器
q***9,2017-08-06 11:33:44,赞赞赞！！！！！
q***9,2017-08-06 11:33:22,赞赞赞
宁***司,2017-08-06 11:16:07,顺丰快递速度就是好，大品牌茅台酒
f***7,2017-08-06 10:26:34,非常感谢，好酒好服务
n***6,2017-08-06 10:03:08,收到了，包装很好，赞一个。
a***e,2017-08-06 10:03:00,包装很好，但真的是好难抢啊！
a***e,2017-08-06 10:02:25,包装很好，但真的是好难抢啊！
a***e,2017-08-06 10:02:14,包装很好，但真的是好难抢啊！
a***e,2017-08-06 10:02:05,包装很好，但真的是好难抢啊！
a***e,2017-08-06 10:01:52,包装很好，但真的是好难抢啊！
a***e,2017-08-06 10:01:41,包装很好，但真的是好难抢啊！
曾***0,2017-08-06 09:53:03,不错
z***8,2017-08-06 09:44:40,好，官网就是让人放心
随***9,2017-08-06 09:44:36,真品，现在买是用抢
l***g,2017-08-06 09:34:36,东西收到了，很满意，也非常划算，配送也很快。下次还来购买～～～
l***g,2017-08-06 09:34:25,东西收到了，很满意，也非常划算，配送也很快。下次还来购买～～～
l***g,2017-08-06 09:34:13,东西收到了，很满意，也非常划算，配送也很快。下次还来购买～～～
l***g,2017-08-06 09:33:57,东西收到了，很满意，也非常划算，配送也很快。下次还来购买～～～
x***1,2017-08-06 08:50:55,棒极了，是正品
新***品,2017-08-06 02:24:48,此用户没有填写评论!
w***y,2017-08-05 21:07:39,好难抢真是秒杀啊，不过还好，抢到二瓶，继续秒杀?
w***y,2017-08-05 21:01:27,家里人都不会喝酒，可是老公和儿子都说买二瓶，只好我去秒杀，还好二天搞定二瓶，收到酒好兴奋啊?看到瓶子都那么漂亮.放几年估计会更好，我想再买2瓶一家人也尝试的慢慢喝点。
三***雾,2017-08-05 20:45:51,喜欢。
s***o,2017-08-05 20:27:47,好收到了，看起来不错
s***r,2017-08-05 20:22:33,买了六瓶，分五次拍，真是累并快乐着，每次都拍得好辛苦，发票在6天后寄出，还算可以啦。
5***1,2017-08-05 19:54:28,用顺丰快递一如既位的好！
s***y,2017-08-05 19:00:31,好评！
6***g,2017-08-05 18:48:11,发货3天就收到了，包装完好无损，还没验证真伪，顺丰很快值得表扬！
木***8,2017-08-05 18:39:18,正品
w***i,2017-08-05 18:14:28,严重好评。品质一流。辛苦工作人员。我爱你们。
深***者,2017-08-05 17:37:39,官网信赖的产品还会再买
z***6,2017-08-05 16:11:49,茅台酒是正品，已经验证过啦！值得购买，发货速度也快，就是数量太少啦！
z***6,2017-08-05 16:09:27,茅台酒是正品，已经验证过啦！值得放心购买。
f***7,2017-08-05 15:54:24,完美到货，非常感谢
f***7,2017-08-05 15:53:54,完美到货，非常感谢
f***7,2017-08-05 15:53:19,完美到货，非常感谢
w***5,2017-08-05 14:58:53,收到了！，包装严实，服务特好，及时、满意
商***行,2017-08-05 14:25:44,酒很好 就是限购了不过瘾
商***行,2017-08-05 14:25:02,酒很好 就是限购了不好
h***j,2017-08-05 13:48:25,包装不错，顺丰很快，包装不错，顺丰很快，包装不错，顺丰很快，包装不错，顺丰很快，包装不错，顺丰很快，包装不错，顺丰很快，包装不错，顺丰很快，
z***8,2017-08-05 12:01:29,相信官网
z***8,2017-08-05 12:00:40,相信茅台官网
h***m,2017-08-05 10:43:37,酒是真品，快递隔日到，真快！酒很好拍的，只是限制购买数量。希望以后让多拍点
华***0,2017-08-05 10:40:02,验证是正品
温***2,2017-08-05 10:23:12,秒了一个星期才秒到一瓶1299元官方旗舰店品质是绝对真品终于拥有国酒茅台了收藏了继续秒?
郭***豪,2017-08-05 10:22:35,正品
绿***6,2017-08-05 10:07:48,先说说抢购心得 第一次一下就抢了一箱 包装的很细致 简直是秒杀 随后几天都没抢到 后来又抢到一箱时才发现 卖家设置了抢购权限 你在购物车看不到限购数量好像就没有抢购资格 不过已经抢了两箱了 很满意存起来慢慢喝吧
绿***6,2017-08-05 10:07:26,先说说抢购心得 第一次一下就抢了一箱 包装的很细致 简直是秒杀 随后几天都没抢到 后来又抢到一箱时才发现 卖家设置了抢购权限 你在购物车看不到限购数量好像就没有抢购资格 不过已经抢了两箱了 很满意存起来慢慢喝吧
z***8,2017-08-05 09:56:54,相信官网
p***n,2017-08-05 07:24:20,不错！
飓***5,2017-08-04 21:43:40,非常好！包装非常给力！茅台酒是正品！以后还会再买的！ 不错！
t***8,2017-08-04 21:17:36,NFC显示正品，另结合各方面对比为真品。
璀***贸,2017-08-04 18:34:40,收到了！不能抢了吗？
f***9,2017-08-04 17:55:08,很好很好很好很好很好很好很好很好很好很好很好很好很好很好很好很好很好很好很好很好很好很好很好很好很好很好很好很好很好很好很好很好很好很好很好很好很好
f***9,2017-08-04 17:54:47,很好很好很好很好很好很好很好很好很好很好很好很好很好很好很好很好很好很好很好很好很好很好很好很好很好很好很好很好很好很好很好很好很好很好很好很好很好很好
w***8,2017-08-04 17:20:52,真的是一瓶难求！相信官方平台！
z***8,2017-08-04 16:07:18,送了验酒器，验过了，是正品，还好在我需要至少到货了，感谢卖家
q***7,2017-08-04 16:05:13,包装完好，用NFC检验没问题，听说是每天限量250瓶飞天茅台，5O瓶鸡毛台，厂家每天出产几万瓶茅台酒，搞的市场没酒，嫌疑是不是厂家在搞饥饿营销？
深***者,2017-08-04 15:16:00,感谢官网，还会继续关注
t***8,2017-08-04 15:14:39,此用户没有填写评论!
水***7,2017-08-04 15:04:10,酒不错，但是饥饿营销真的好么？
紫***珍,2017-08-04 15:02:51,好不容易抢到啊
深***哥,2017-08-04 14:52:51,很好，给官网一个赞
k***l,2017-08-04 14:49:10,正品，抢得太辛苦！
深***哥,2017-08-04 14:02:41,不错，官网货靠得住
深***哥,2017-08-04 14:01:15,三次购物合计一箱发货，相信官网
宁***司,2017-08-04 13:12:25,每天几秒的速度才有
深***者,2017-08-04 11:12:20,官网货，放心，还会继续关注
叶***8,2017-08-04 10:04:23,好
y***1,2017-08-04 10:04:03,现在发货快了，也凑不到一箱发货了。只是买了几次都没有鉴别器，鉴别器都去哪儿了？怎么的累计到六瓶了也该给一个吧，差评！
山***1,2017-08-04 09:44:54,顺丰三天到货。酒是2016年批次，好奇市面为何一直未见2017年批次的酒？
0***0,2017-08-04 09:35:24,德邦快递太差，影响到酒的真假
林***鱼,2017-08-04 09:27:11,正品，值得信赖。
小***别,2017-08-04 08:29:18,一如既往的好
曙***1,2017-08-04 07:34:11,不错
a***e,2017-08-04 06:09:40,太难抢
h***7,2017-08-04 01:23:46,东西很快，没啥问题
t***6,2017-08-03 23:56:21,还没喝，喝过再补充评价
李***9,2017-08-03 21:57:27,大爱，
h***9,2017-08-03 19:21:28,满好的，是正品
w***d,2017-08-03 18:28:26,不假吧！怎会一瓶贴两个验证码，还是旧瓶新用？好疑惑 大家怎么看
c***g,2017-08-03 18:06:56,不错，很好
紫***亦,2017-08-03 17:15:34,不错
璀***贸,2017-08-03 16:44:29,收到了。
x***7,2017-08-03 14:59:40,宝贝收到还不错，是正品，就是太难抢了。
x***7,2017-08-03 14:58:27,宝贝收到还不错，就是太难抢了。
t***b,2017-08-03 14:56:53,囤货中，留着给我爱人
g***y,2017-08-03 14:43:10,攒着
z***2,2017-08-03 11:30:37,6666656656565656
z***2,2017-08-03 11:30:06,666666666666666
z***2,2017-08-03 11:25:36,都在图中666666666666666
x***1,2017-08-03 06:39:47,很是喜欢，是正品
y***c,2017-08-02 22:44:54,有发票，正规
天***2,2017-08-02 22:30:27,我不喝酒，因为今年对我们家来说很有意义，想买瓶茅台酒。不曾想又贵又不好买，星期六没买到,星期天买到了，今天星期三下午收到，非常成功的一次购物体验。宝贝很好，酒瓶和酒瓶标签，还有外包装都曾光发亮。感觉是真的。
x***7,2017-08-02 21:42:05,宝贝收到还不大好抢
x***7,2017-08-02 21:40:03,宝贝收到还不错，就是不大好抢
星***云,2017-08-02 21:28:38,可惜不让多买，挺好的
星***云,2017-08-02 21:28:05,送人的还行吧
陈***丛,2017-08-02 20:41:18,好
欧***6,2017-08-02 19:58:36,旗舰店放心，NFC验证无误。碎了一个烈酒杯，客服痛快解决。一共买了两次五瓶到手，非常不错，图就不上了，都一样！最近买不到了，几秒钟就下架。
陈***5,2017-08-02 16:34:39,看着不错。真假吗。旗舰店么。应该不会卖假的。
w***8,2017-08-02 15:14:25,还可以
詹***1,2017-08-02 15:03:04,货真价实
詹***1,2017-08-02 15:02:45,货真价实
梁***7,2017-08-02 11:29:59,这次送了我一个验酒的东东！谢谢
川***汉,2017-08-02 10:48:30,好难抢，终于买到2瓶，先保存好！
c***4,2017-08-02 10:21:09,难得抢到
李***2,2017-08-02 10:04:56,正品
夏***x,2017-08-01 23:31:18,东西不错，寄的也挺快的
乖***1,2017-08-01 22:46:32,发货速度挺快，就是酒杯碎了一个，等待补发中。
l***3,2017-08-01 22:30:38,不错?。货品完好无损！
l***0,2017-08-01 21:23:14,好酒，可惜限购，是不是等涨价。
张***7,2017-08-01 21:08:20,服务超好，买了两瓶，有一瓶有点渗漏，联系客服，立马安排快递人员上门取货，现在已收到酒，用NFC扫描确定是酒厂发的货，真心需要赞一下。国酒茅台很棒！
a***0,2017-08-01 20:43:02,好可惜，就只能抢一瓶，点6瓶5瓶都提示系统忙，也许本身放量就少，所以就成这样了，唉 ，支持自营
y***n,2017-08-01 20:32:26,买了送人，从来不喝，哎。
n***8,2017-08-01 18:08:20,收到酒了，没有验真伪，相信茅台真品质！
f***9,2017-08-01 16:42:19,买了4瓶，终于买到了。抢了很久吖不错吖不错吖不错吖不错吖不错吖不错吖不错吖不错吖不错吖不错吖不错吖不错吖不错吖
f***9,2017-08-01 16:40:00,很难抢吖不错吖不错吖不错吖不错吖不错吖不错吖不错吖不错吖不错吖不错吖不错吖不错吖不错吖不错吖不错吖不错吖不错我我我去年
樱***6,2017-08-01 15:20:52,好
k***l,2017-08-01 15:02:50,NFC检查出来是正品，应该是正品！
t***3,2017-08-01 14:29:52,以前买的都发德邦 顺丰 快递很好 这次不知怎么的发了中铁快运 十天左右才到 够龟速的了
t***3,2017-08-01 14:29:36,以前买的都发德邦 顺丰 快递很好 这次不知怎么的发了中铁快运 十天左右才到 够龟速的了
t***3,2017-08-01 14:29:12,以前买的都发德邦 顺丰 快递很好 这次不知怎么的发了中铁快运 十天左右才到 够龟速的了
c***3,2017-08-01 12:11:16,官网有保障
l***3,2017-08-01 12:08:35,真品，非假货，在电商平台买就是求的放心。所以希望保持良好的口碑。
z***8,2017-08-01 11:23:24,酒不醉人人自醉，花钱买酒还要抢的，我也是醉了&hellip;&hellip;
w***i,2017-08-01 11:04:05,慢慢抢。存着以后喝。
浪***4,2017-08-01 11:02:24,正品
浪***4,2017-08-01 11:02:11,正品
浪***4,2017-08-01 11:00:31,正品
阿***7,2017-08-01 10:24:57,官网质量还是挺不错的
樱***6,2017-08-01 10:20:03,很好
木***叶,2017-08-01 10:06:46,很难抢，几乎没
璀***贸,2017-08-01 10:04:48,货收到了，老样子
雪***鸦,2017-08-01 09:49:01,非常好！物流快！快递小哥也很好！
雪***鸦,2017-08-01 09:47:33,送给哥哥的，很喜欢！
在***倩,2017-08-01 08:53:54,是正品，口感挺醇香的。这个价格买到，也挺划算的！
l***g,2017-08-01 08:42:07,东西收到了，很满意，也非常划算，配送也很快。下次还来购买～～～
蓝***1,2017-08-01 08:12:00,发货快，很难抢，不容易。
l***9,2017-08-01 08:10:31,由于买的两瓶酒是分两天秒拍分别发货的，所以对礼品袋、验酒器没抱太大希望，结果收到货后一应俱全。看来茅台不仅酒好，人也不错呵。
l***9,2017-08-01 08:09:49,由于买的两瓶酒是分两天秒拍分别发货的，所以对礼品袋、验酒器没抱太大希望，结果收到货后一应俱全。看来茅台不仅酒好，人也不错呵。
z***g,2017-08-01 06:39:55,此用户没有填写评论!
t***1,2017-08-01 03:52:47,朋友介绍的。真心不错。比外面买的便宜太多。还要再买多几瓶给爸爸。
j***1,2017-08-01 01:26:55,没喝，囤着，每年囤两瓶，二十年后每年过年喝两瓶
梦***0,2017-08-01 01:01:13,抢了两瓶，物流很快，茅台官方旗舰店的货就是可靠。
柠***2,2017-07-31 21:55:08,老爸送朋友，老爸说不错很满意
李***9,2017-07-31 21:28:11,真的很不错，，大爱
乐***1,2017-07-31 20:26:21,顺风走了三天，收到宝贝赞。
x***1,2017-07-31 19:59:42,超级正品，我是茅台铁粉，值得信赖
g***2,2017-07-31 19:45:03,好好好好好好好
w***6,2017-07-31 18:31:03,不错
刘***1,2017-07-31 18:24:42,国酒顺利收货，由于发货方委托德邦物流承运，这几天我这颗向党的红心被物流折磨的忐忑不安，直到接收查证货物安全才稍平静，苍天啊，大地啊希望消费者网购商品能有主动选择物流权(公司)而不是被动接受物流(公司)
刘***1,2017-07-31 18:12:25,当今的国酒销售牛气冲宇庙，说有就有说没就没，一夫当关万夫莫开，贵在我的坚守感动了琼桨玉液满足了我的愿望，有人说钱是万能的，但想拥有国酒此话得重新定义！盛赞顺丰速运
刘***1,2017-07-31 18:03:05,官方旗舰店的国酒买的放心，当下国酒一瓶难求，官方旗舰店还买不到真品的话只有煮酒论社会啦！
m***头,2017-07-31 17:51:19,好评
m***头,2017-07-31 17:50:46,好评
明***京,2017-07-31 17:49:33,收藏了
徐***乔,2017-07-31 17:43:43,很好，就是难买
徐***乔,2017-07-31 17:43:21,很好，就是老是没货，好难买啊
天***品,2017-07-31 17:00:52,怎么不发顺丰呢，邮政还要下去拿货，不太满意
馨***淘,2017-07-31 16:42:54,包装很好，发票及时达。进行封贴，解决换包的后顾之忧。货就不说了，工厂直贡，有种首长的感觉。好评
肖***3,2017-07-31 16:13:15,ni?ce
便***花,2017-07-31 16:00:49,发货没有30天 三四天就发货了 没有喝不知道怎么看真假
z***8,2017-07-31 15:53:19,相信官网，相信茅台
爱***4,2017-07-31 14:26:43,发货快，包装好！相信官方店质量。
k***u,2017-07-31 14:17:14,下了12张订单几万块钱的酒，到现在为止一个多月了，只收到四张发票，其余八张竟然告诉我不知道什么时候寄出来，中国的国企全黄了职工全下岗才对！
无***2,2017-07-31 12:58:53,好
程***y,2017-07-31 11:43:47,分开帐号抢购多次，用来收藏以后再喝
程***y,2017-07-31 11:35:18,旗舰店购买正品无疑，已全部到货
程***y,2017-07-31 11:33:30,共买了6箱了，已全部到货存起来了
微***4,2017-07-31 11:09:37,东西不错！本地大超市，专卖店都没有货了，不知道怎么会这么紧张！相信官方的货，生产日期比较近，6/26刚出来的！包装到位，防止了快递过程中调包的可能！拍到后第二天电子发票也推送过来了，直接下载了
张***晰,2017-07-31 10:15:13,好
张***晰,2017-07-31 10:12:49,送人的，必须给好评
浪***4,2017-07-31 10:08:01,正品
浪***4,2017-07-31 10:07:50,正品
浪***4,2017-07-31 10:07:36,正品
晶***宝,2017-07-31 10:02:24,挺好
晶***宝,2017-07-31 10:01:00,很好
晶***宝,2017-07-31 10:00:45,很好
我***y,2017-07-31 09:49:55,这个到货有出乎意料的点快
夜***深,2017-07-31 00:48:02,我买茅台居然是因为喜欢飞天???
s***o,2017-07-30 22:47:05,还没喝
i***z,2017-07-30 22:37:32,物流很快，包装也很好，是正品。
t***r,2017-07-30 21:29:46,24日抢到，26日顺丰发出，28日收到，还是很快的！立即刮码，二维码溯源验证系统查询无误！ 包装严谨，瓶子的颈部另套了泡沫垫，赞！
w***i,2017-07-30 20:29:42,每天开闹钟起来抢购，真不容易啊。
w***i,2017-07-30 20:28:19,不容易抢啊。希望酒厂加大产量，别搞饥饿营销。
陶***9,2017-07-30 18:52:22,太难抢了
商***行,2017-07-30 17:45:36,酒很好 期待困困的味道
t***9,2017-07-30 16:00:01,酒很好 就是等待的时间有点长
a***6,2017-07-30 14:29:35,酒很难买
x***7,2017-07-30 13:39:42,宝贝收到还不错，是真品，就是不大好买。
可***韦,2017-07-30 13:25:07,茅台果然是好，一拿到手就看得出来，瓶子很高端大气。留着给姐姐结婚时候用！
t***4,2017-07-30 11:23:06,货真价实，超值购买
l***3,2017-07-30 11:16:33,量太少了  很难抢到
l***3,2017-07-30 11:15:23,秒杀
z***2,2017-07-30 11:14:55,很好，非常满意
肖***3,2017-07-30 10:28:57,好?
x***7,2017-07-30 10:17:52,宝贝收到还不错，就是不大好抢
璀***贸,2017-07-30 10:11:28,爱喝酒的我。你有故事？
璀***贸,2017-07-30 10:10:06,爱喝酒的我。
w***g,2017-07-30 10:05:50,收到了，希望下次能多拍点。
璀***贸,2017-07-30 10:05:49,已收到货品
小***兽,2017-07-30 05:46:04,希望不是假货，报了很大期望的哦
小***兽,2017-07-30 05:45:35,旗舰店买的应该是真的
星***明,2017-07-29 23:49:02,发货略推迟，其余都挺好的
s***0,2017-07-29 23:43:07,很好出库很快3天就到！正品！
t***1,2017-07-29 23:35:20,比较难买&hellip;&hellip;有钱的人多呀！哈哈哈哈
t***6,2017-07-29 23:09:46,怎么不送个识别器呢？
l***g,2017-07-29 22:19:42,东西收到了，很满意，也非常划算，配送也很快。下次还来购买～～～
l***g,2017-07-29 22:19:23,东西收到了，很满意，也非常划算，配送也很快。下次还来购买～～～
t***6,2017-07-29 16:49:32,此用户没有填写评论!
w***l,2017-07-29 15:50:50,宝贝虽然还没有使用，是正品，比较满意。
谷***i,2017-07-29 15:41:59,非常值得收藏
姚***3,2017-07-29 14:39:38,质量一流，味道一流，老味道，牛逼。 客服一流，大企业牛逼
w***9,2017-07-29 14:07:49,正宗茅台好酒
l***3,2017-07-29 13:29:59,有瓶酒有点密封不严。漏酒跑气。瓶子质量有点儿小缺陷。
w***n,2017-07-29 11:50:10,好的，满意！谢谢！下次还来。
大***塔,2017-07-29 11:36:58,不错，正品，给好评！
a***e,2017-07-29 11:08:04,真难抢
浅***0,2017-07-29 10:49:49,每天一瓶，太感人
璀***贸,2017-07-29 10:39:50,货品包装很好
肖***3,2017-07-29 10:23:48,快
h***c,2017-07-29 10:08:59,好
林***鱼,2017-07-29 10:04:19,最可信的购买途径
k***f,2017-07-29 09:48:48,正品
牧***伤,2017-07-29 09:46:06,此用户没有填写评论!
h***w,2017-07-29 09:11:19,应该是真，茅台酒厂搞饥饿营销吧
董***1,2017-07-29 08:33:54,这个活动不错
林***3,2017-07-29 08:31:17,好
t***1,2017-07-29 03:50:48,好，包装非常专业
龙***6,2017-07-28 23:11:15,官方旗舰店有保障
木***8,2017-07-28 21:59:58,限购好累
瞳***七,2017-07-28 21:56:29,还不错～
l***1,2017-07-28 20:51:28,东西收到了，很满意，也非常划算，配送也很快。下次还来购买～～～
w***c,2017-07-28 19:00:27,国酒茅台飞天确实很好，收藏了。
i***z,2017-07-28 19:00:17,应该都是正品，这次物流不错，里面的小杯子没破。
r***6,2017-07-28 18:11:13,此用户没有填写评论!
x***7,2017-07-28 18:08:59,宝贝收到还不错，就是不好抢。
t***8,2017-07-28 16:52:10,酒是真酒，酒包装完好！我很喜欢，谢谢
t***8,2017-07-28 16:51:06,快递小哥送货很快！酒包装也很好！
t***8,2017-07-28 16:50:03,包装完好，就是真的
c***4,2017-07-28 16:10:19,秒杀
金***宇,2017-07-28 16:07:29,价廉物美的商品，能多买些就好了
金***宇,2017-07-28 16:06:56,速度快 真酒 下次还来买
和***8,2017-07-28 14:08:09,此用户没有填写评论!
l***8,2017-07-28 13:18:32,好不容易拍到一瓶，本想拍一瓶鸡年生肖酒，给儿子留个纪念的，无奈没抢到，另外有一个疑问：每天店来看，这款53度飞天和生肖酒都显示下架状态，但每天的成交数量都在增加，这是咋回事呢？
b***9,2017-07-28 13:15:43,包装很严密，顺风快递。严阵以待也只抢了两瓶，茅台飞天这是咋了?超牛!
s***7,2017-07-28 12:44:10,发货速度很快，下单后一周就收到。下次继续买
w***n,2017-07-28 12:24:28,飞天茅台，非常喜欢！
a***n,2017-07-28 12:18:10,国酒就是不一样
i***z,2017-07-28 11:47:11,酒应该是正品，就是太难得抢到了
i***z,2017-07-28 11:46:38,就是太难得抢到了
y***t,2017-07-28 10:46:15,好好好好好好好好
坐***9,2017-07-28 10:34:27,17.6.26日期很不错
海***8,2017-07-28 10:04:38,好
海***8,2017-07-28 10:04:20,好
海***8,2017-07-28 10:03:57,瓶口渗透了，自己喝！
l***1,2017-07-28 10:01:48,东西收到了，很满意，也非常划算，配送也很快。下次还来购买～～～
w***2,2017-07-28 09:55:01,很好
小***月,2017-07-28 09:30:37,包装完好。顺丰快递小哥总是那么服务周到。谢谢！
w***n,2017-07-28 09:27:38,满意满意满意满意！
乖***1,2017-07-28 08:49:11,官方旗舰店正品保证，顺丰快递又快又好。下单一星期之内就收到货了。
时***辉,2017-07-28 08:25:40,此用户没有填写评论!
t***2,2017-07-28 07:25:33,我一直很喜欢拥有一瓶真茅台，可是收到货后发现那飘带在瓶盖部分歪歪曲曲的不垂直，手工太差了
小***8,2017-07-28 06:53:03,好
小***8,2017-07-28 06:51:41,非常好
小***8,2017-07-28 06:51:19,非常好
小***8,2017-07-28 06:50:45,非常好
小***8,2017-07-28 06:50:13,非常好
z***2,2017-07-27 14:42:42,非常满意
啊***呀,2017-07-27 14:25:03,是真品！好好好！
林***3,2017-07-27 12:59:20,正品，用NFc验过
一***e,2017-07-27 10:45:06,习惯好评
a***7,2017-07-27 10:23:31,是我表达水平差，还是我有文字障碍，还是我踏马就是智障！？这情况还说不清！
木***8,2017-07-27 10:05:32,包装到位，快递也快，一个星期不到就发货了，是正品，买了几瓶还有的在路上，特别感谢客服月月，因为发票的事情麻烦她好久，
王***y,2017-07-27 10:05:08,此用户没有填写评论!
二***7,2017-07-27 10:03:18,东西还好，价格太高
双***a,2017-07-27 06:34:19,酒不错，但店大欺客，连个手提纸袋都舍不得配，服务档次很低，细节做不好，经营很有问题?
z***7,2017-07-26 23:31:32,毫不犹豫放到酒架上
a***i,2017-07-26 22:18:06,包装非常好，服务细心，值得推荐
a***i,2017-07-26 22:15:54,好酒
a***i,2017-07-26 22:15:32,好酒，服务好！东西好
h***5,2017-07-26 21:29:00,收到
h***5,2017-07-26 21:28:14,只要真就好
g***8,2017-07-26 21:15:45,很好，正品！
z***7,2017-07-26 20:03:17,OK
z***7,2017-07-26 20:02:47,OK
v***y,2017-07-26 20:01:10,?
v***y,2017-07-26 20:00:53,OK
索***虎,2017-07-26 18:19:36,很快就收到了，我以为还得几天，就是太少了，只能买一瓶。很好。
x***7,2017-07-26 17:37:46,宝贝收到还不错，就是投放的量太少，不好抢。
浪***4,2017-07-26 16:08:11,正品，就是难抢
浪***4,2017-07-26 16:07:50,正品，就是难抢
浪***4,2017-07-26 16:07:26,正品，就是太难抢
航***二,2017-07-26 16:06:17,顺丰就是顺丰。速度惊人，第二天就到了。酒品质很好。
w***强,2017-07-26 14:31:41,2017年的，很不错，只可惜买 货跟秒杀差不多
大***沙,2017-07-26 14:18:14,好酒
f***o,2017-07-26 13:38:15,以前用顺丰快递快多了，邦德太慢啦
l***3,2017-07-26 12:57:03,应该是真的，好，就是太难抢了
l***3,2017-07-26 12:54:55,应该是真的，就是太难抢了
l***3,2017-07-26 12:49:54,太难抢了，是真的
鱼***了,2017-07-26 12:44:18,正品。
沧***2,2017-07-26 11:42:02,好酒    美酒
肖***3,2017-07-26 10:23:59,还不错～挺快的
美***居,2017-07-26 08:20:05,没什么意思，太难抢了！
染***h,2017-07-26 08:05:47,爸爸挺喜欢的，物流还行，好评
f***4,2017-07-26 00:20:45,不错，
f***0,2017-07-25 23:47:26,抢了4单拍了六瓶，酒和包装都非常好，连续抢了十几天才拍了六瓶，每天秒杀，希望每天多放一些，谢谢。
热***6,2017-07-25 23:39:28,好
热***6,2017-07-25 23:39:18,好
热***6,2017-07-25 23:39:10,好
l***8,2017-07-25 20:00:04,真茅台
l***8,2017-07-25 19:55:55,已经验证，真茅台酒。
z***6,2017-07-25 18:48:49,好的
u***的,2017-07-25 17:48:58,买了两瓶其中一瓶杯子破了联系卖家给我补寄了一套杯子，结果又破了一个杯子，想想算了反正是自己收藏不是送人
x***7,2017-07-25 17:37:51,宝贝收到还不错，就是有时拍不到。
晚***啊,2017-07-25 16:16:18,生肖酒瓶盖好low   无力吐槽  颜色不错  生肖酒的颜色都不错   限购太无聊了  而且发货的时候 订单都是乱七八糟的  有的有单子 有的没单子  买了那么多  数都不好数  应该是不会少发的&hellip;&hellip;&hellip;
c***8,2017-07-25 15:25:23,此用户没有填写评论!
5***g,2017-07-25 15:18:35,旗舰店应该无假货。只是等了好久才发货，存着等有意义的日子喝。
惠***瑞,2017-07-25 14:05:15,不错，买送人。
李***生,2017-07-25 13:31:16,帮别人买的，
w***2,2017-07-25 13:10:20,很好
诗***念,2017-07-25 13:10:19,好，
诗***念,2017-07-25 13:09:40,好
诗***念,2017-07-25 13:07:34,好
沙***鱼,2017-07-25 13:06:06,一万个满意！买了三次，一共六瓶。发货发了一整箱，第一次发货出了点问题，联系客服后二话没说再次发货，服务态度极好，跟茅台酒味道一样好！
沙***鱼,2017-07-25 13:05:55,一万个满意！买了三次，一共六瓶。发货发了一整箱，第一次发货出了点问题，联系客服后二话没说再次发货，服务态度极好，跟茅台酒味道一样好！
沙***鱼,2017-07-25 13:05:03,一万个满意！第一次发货出了点问题，联系客服后二话没说再次发货，服务态度极好，跟茅台酒味道一样好！
a***6,2017-07-25 11:50:45,包装的很好。酒是七月份灌装的。没有发票！客服君君很差。
l***6,2017-07-25 11:17:36,高端大气上档次
l***6,2017-07-25 11:16:57,高端大气上档次
j***9,2017-07-25 10:56:56,好
j***9,2017-07-25 10:56:31,好
k***t,2017-07-25 10:47:12,东西挺不错，我挺满意的
z***6,2017-07-25 09:51:00,官方旗舰店出品，应该是真的，还没拆，买来收藏的
t***8,2017-07-25 09:19:13,酒是真的，包装很好！值得信赖
t***8,2017-07-25 09:18:28,真的好喝
独***客,2017-07-24 22:13:02,宝贝安全到达，送礼用，包装挺好
z***8,2017-07-24 21:24:53,直接收起
z***8,2017-07-24 21:24:30,直接收起
z***8,2017-07-24 21:23:38,直接收起
z***8,2017-07-24 21:22:56,直接收起
z***8,2017-07-24 21:22:13,直接收起
z***8,2017-07-24 21:21:48,直接收起
波***7,2017-07-24 19:54:09,物流超级快，他家是顺丰，初步验证是真货
波***7,2017-07-24 19:52:01,物流超级快，现在各地断货，这是好不容易抢到
t***4,2017-07-24 16:03:41,好不容易才抢到，鸡茅台只能看图了
c***8,2017-07-24 15:48:38,抢到二瓶，顺丰发货，超快。
所***1,2017-07-24 15:39:34,包装很到位，物流也快，很满意
x***1,2017-07-24 14:02:42,不能协商！太强势！太死板！
x***1,2017-07-24 13:56:16,商家未明确明示出限购条件！造成我购买时下单错误！太强势
晚***啊,2017-07-24 12:50:25,限购&hellip;每天买2瓶 一号6瓶 狗东天猫发货都是一个厂一起发的 弄得乱七八糟的   很不好核对
晚***啊,2017-07-24 12:49:38,限购&hellip;每天买2瓶 一号6瓶 狗东天猫发货都是一个厂一起发的 弄得乱七八糟的   很不好核对
晚***啊,2017-07-24 12:49:24,限购&hellip;每天买2瓶 一号6瓶 狗东天猫发货都是一个厂一起发的 弄得乱七八糟的   很不好核对
w***g,2017-07-24 11:22:33,此用户没有填写评论!
w***g,2017-07-24 11:22:10,物流蛮快的，酒收到。不错先存。
w***g,2017-07-24 11:21:31,物流蛮快的，酒收到。不错先存。
小***么,2017-07-24 10:22:19,是正品，很放心
q***b,2017-07-24 10:05:50,等的好辛苦，等的好辛苦
遥***4,2017-07-24 09:49:19,没打开，不知道怎么样
遥***4,2017-07-24 09:49:00,还行
k***5,2017-07-24 09:47:22,很好物有所值
爱***宝,2017-07-24 07:25:38,喝了在评价
兰***头,2017-07-24 03:40:36,太难抢了
水***网,2017-07-24 00:10:17,非常喜欢，值得信任。
s***1,2017-07-23 21:18:49,设计速度速度和加速度噶
t***9,2017-07-23 19:43:30,好酒，发货快，顺丰包邮也很快！
d***t,2017-07-23 19:38:02,旗舰店多种物流都发过，这次是德邦物流。感觉顺丰最好，中铁最次，德邦一般。
d***t,2017-07-23 19:26:15,旗舰店多种物流都发过，这次是德邦物流。感觉顺丰最好，中铁最次，德邦一般。
d***t,2017-07-23 19:24:52,旗舰店多种物流都发过，这次是德邦物流。感觉顺丰最好，中铁最次，德邦一般。
a***6,2017-07-23 16:32:31,酒包装很好
徐***1,2017-07-23 16:02:49,瓶子有残缺不平整，感觉像仿品！求解，发货等很久
j***9,2017-07-23 16:01:50,好
陈***空,2017-07-23 14:33:21,酒不错！有幸抢了一瓶，收藏了！
t***2,2017-07-23 12:13:55,发票一直没给
z***0,2017-07-23 10:27:53,包装还好，物流也快，就是足足等了快一个月才发货。
w***2,2017-07-23 10:19:41,此用户没有填写评论!
狮***菲,2017-07-23 08:50:05,相信国酒，只是限购太烦了！
狮***菲,2017-07-23 08:49:10,相信国酒!
飞***应,2017-07-23 05:05:18,抢得太辛苦，值得收藏
t***1,2017-07-23 00:40:04,包装保护非常好！
z***2,2017-07-22 23:22:59,非常满意
自***脑,2017-07-22 23:19:30,没喝，不过发货挺快的，三天就发了！正品吗？没喝，喝了回头追评！
j***e,2017-07-22 23:02:31,很好很好很好啊
小***别,2017-07-22 22:38:02,官方
龙***8,2017-07-22 21:19:38,服务确实一般
龙***8,2017-07-22 21:19:04,不愧是大厂家，确实不怎么样，服务态度需要加强
龙***8,2017-07-22 21:18:22,不愧是大厂家，服务确实不怎么样，不知道以后会不会更牛气
雨***王,2017-07-22 20:15:51,此用户没有填写评论!
a***6,2017-07-22 11:05:10,美颜课是各样的茅台酒要卖180左右，现在限购呢？
a***6,2017-07-22 11:04:35,快递包装很好，快递员也负责任。客服君君什么都听不懂，希望多培训。
a***6,2017-07-22 11:03:05,毛太紧实在做饥饿营销买了以后你就没有办法再去买阿。
人***露,2017-07-22 09:48:22,正品行货，值得信赖！
w***1,2017-07-21 23:42:43,三次下单的，沟通后终于一起发货了。包装保护完好，箱子顶部印刷的生产日期和批号等字体比之前的粗，旗舰店买的，应该是正品吧。 不错
w***1,2017-07-21 23:41:40,三次下单的，沟通后终于一起发货了。包装保护完好，箱子顶部印刷的生产日期和批号等字体比之前的粗，旗舰店买的，应该是正品吧。 不错
w***1,2017-07-21 23:41:13,三次下单的，沟通后终于一起发货了。包装保护完好，箱子顶部印刷的生产日期和批号等字体比之前的粗，旗舰店买的，应该是正品吧。 不错。
z***6,2017-07-21 22:12:56,旗舰店应该是真的
z***6,2017-07-21 22:11:13,还没开，旗舰店的应该不会假
雪***吗,2017-07-21 21:49:10,谢谢店家送的验酒器，检验了一下，是真的
a***3,2017-07-21 21:16:40,发货快，是正品，藏个10年
莱***子,2017-07-21 20:28:46,什么都好，只是明明有货还非的要抢
无***2,2017-07-21 19:54:32,好
晚***啊,2017-07-21 19:19:36,限制购买挺恶熏的，闲着没事干了！害的每天买一瓶&hellip;&hellip;&hellip;真是慢
林***思,2017-07-21 19:13:13,原装正品，货真价实
林***思,2017-07-21 19:11:02,货真价实，大牌就是不一样。
林***思,2017-07-21 19:09:23,货真价实，无需多说。买上不容易啊!
l***6,2017-07-21 18:01:56,买来送人的，绝对拿的出手
q***9,2017-07-21 17:26:06,很好，放多几年再喝吧
狮***菲,2017-07-21 17:17:56,收藏了，相信旗舰店!
小***别,2017-07-21 16:58:34,蛮好的
t***2,2017-07-21 16:42:11,很好很好，不好买啊！
l***8,2017-07-21 16:39:17,饥渴营销，茅台牛逼
l***8,2017-07-21 16:32:58,饥渴营销，茅台牛啊！
子***c,2017-07-21 15:53:28,非常好，正品！
詹***1,2017-07-21 15:24:22,此用户没有填写评论!
林***3,2017-07-21 14:38:16,正货
林***3,2017-07-21 14:37:32,正品
神***牛,2017-07-21 14:18:38,该酒为国酒，废了好久终于凑满1箱（6瓶），办酒有点不够，只能通过其他渠道买了，就怕买的不是真货。
神***牛,2017-07-21 14:18:15,该酒为国酒，废了好久终于凑满1箱（6瓶），办酒有点不够，只能通过其他渠道买了，就怕买的不是真货。
神***牛,2017-07-21 14:17:25,该酒为国酒，废了好久终于凑满1箱（6瓶），办酒有点不够，只能通过其他渠道买了，就怕买的不是真货。
a***o,2017-07-21 13:39:43,六月的酒，新了！
t***z,2017-07-21 13:16:35,正品
t***z,2017-07-21 13:16:21,是正品
6***g,2017-07-21 13:10:56,这次发货较快，下载NFC验证通过，包装完好无损，酒等喝了后再追评！给顺风快递哥大热天送货及时点赞！
d***9,2017-07-21 12:57:02,很好，喝了再来追评。
d***9,2017-07-21 12:56:07,很好，喝了再来追评。
d***9,2017-07-21 12:55:05,很好，喝了再来评价
q***7,2017-07-21 12:28:54,货收到包装完好，用NFC验证没问题，快递很快?
酒***堂,2017-07-21 12:28:36,酒是好酒，就是有瓶瓶口湿湿的会漏酒，有点不爽，不过看在价格便宜的份上，就不退了。
酒***堂,2017-07-21 12:25:00,产品很好很给力，比市面上买的要便宜很多，喝茅台再也不那么心疼了
黄***6,2017-07-21 12:15:57,还没喝。如果真的是茅台专卖店的话，下次再买。
宾***8,2017-07-21 12:13:04,还没喝，下次再追评
假***8,2017-07-21 11:54:59,是正品
假***8,2017-07-21 11:54:43,好正品
假***8,2017-07-21 11:54:32,很好。是正品一直在官方购买。搞活动价格也很优惠。运气不错抢了好几瓶。
假***8,2017-07-21 11:54:20,很好。是正品一直在官方购买。搞活动价格也很优惠。运气不错抢了好几瓶。
假***8,2017-07-21 11:54:05,很好。是正品一直在官方购买。搞活动价格也很优惠。运气不错抢了好几瓶。
假***8,2017-07-21 11:53:08,很好。是正品一直在官方
遥***4,2017-07-21 11:34:36,嗯，还行吧
遥***4,2017-07-21 11:34:18,还可以，包装比较严实吧
w***2,2017-07-21 10:58:05,一如既往的好，不错！
肖***3,2017-07-21 10:09:00,不错 挺快
j***9,2017-07-21 09:59:30,好
j***9,2017-07-21 09:59:15,好
j***9,2017-07-21 09:58:49,好
j***9,2017-07-21 09:58:19,好
j***9,2017-07-21 09:57:49,好
l***3,2017-07-21 09:27:14,物品到货很完美！赞了。希望保持稳定！！！
x***s,2017-07-21 09:24:47,酒相信茅台的官网，但是发货太慢了，说明30天，实际发货快40天了，未来的网络经济如果以这样的态度面对，茅台迟早有问题！
雪***鸦,2017-07-21 07:41:26,非常不错！包装的挺严实的！
x***8,2017-07-21 06:58:55,国酒第一！
x***8,2017-07-21 06:52:27,收到了一整箱，客服服务态度特别的好！仍然要继续买买买，凑足五箱。绝对正品！
x***8,2017-07-21 06:45:57,一流的品牌，一流的服务！就绝对是正品，一共买了十瓶了，这次发了一整箱。打算再买几箱，主要是送给自己爱好喝酒的父亲。
邝***贤,2017-07-21 00:19:42,正品
邝***贤,2017-07-21 00:19:25,正品
a***8,2017-07-20 23:19:50,就很好
h***0,2017-07-20 22:54:55,抢得较为辛苦，鸡年酒还没抢到
时***刀,2017-07-20 21:35:32,买来送人的，绝对有面子
l***6,2017-07-20 21:11:25,相信官方旗舰店，应该是正品！没有验酒器，只好用手机拍。
超***0,2017-07-20 21:04:49,我心爱的飞天茅台收到了，查询是正宗的非常开心，天猫旗舰店 ?????，再次感谢顺风物流超棒
韵***香,2017-07-20 19:33:33,?好好
迎***5,2017-07-20 18:55:44,好酒
j***4,2017-07-20 18:16:47,旗舰店，买得放心，就是量太少了！不够老板喝
j***4,2017-07-20 18:16:22,旗舰店，买得放心，就是量太少了！不够老板喝
无***2,2017-07-20 17:52:32,好
c***8,2017-07-20 17:51:48,是茅台电商酒，和其他茅台有区别，但是是正品，
c***8,2017-07-20 17:50:27,不错不错，现在买茅台全靠抢啊
方***1,2017-07-20 17:33:05,没喝，只能相信是真品了！
1***l,2017-07-20 16:25:37,茅台还没喝
福***0,2017-07-20 15:46:02,国酒茅台，不错
菲***7,2017-07-20 15:44:30,依然五星！
g***4,2017-07-20 15:09:38,不错
g***4,2017-07-20 15:09:24,不错
g***4,2017-07-20 15:09:14,不错
g***4,2017-07-20 15:09:00,不错
g***4,2017-07-20 15:08:37,不错
l***9,2017-07-20 14:24:55,包装到位，没发现漏酒
f***n,2017-07-20 12:47:36,送货小弟不错，等客户亲自验货，送了袋子和检测器，很好，不过瓶子质量接合处有明显多了一条
w***g,2017-07-20 12:12:59,好不容易拍到2瓶，放些日子先
老***家,2017-07-20 10:55:32,垃圾商家，差评，千万别在这买酒，刚开始不开发票，要求了很多次，开出的票还是错的，让我寄回去换发票，居然告诉我120个工作日才能重新开发票，极为官僚！
老***家,2017-07-20 10:54:59,垃圾商家，差评，千万别在这买酒，刚开始不开发票，要求了很多次，开出的票还是错的，让我寄回去换发票，居然告诉我120个工作日才能重新开发票，极为官僚！
老***家,2017-07-20 10:53:53,垃圾商家，差评，千万别在这买酒，刚开始不开发票，要求了很多次，开出的票还是错的，让我寄回去换发票，居然告诉我120个工作日才能重新开发票，极为官僚！
老***家,2017-07-20 10:53:41,垃圾商家，差评，千万别在这买酒，刚开始不开发票，要求了很多次，开出的票还是错的，让我寄回去换发票，居然告诉我120个工作日才能重新开发票，极为官僚！
老***家,2017-07-20 10:53:27,垃圾商家，差评，千万别在这买酒，刚开始不开发票，要求了很多次，开出的票还是错的，让我寄回去换发票，居然告诉我120个工作日才能重新开发票，极为官僚！
老***家,2017-07-20 10:52:40,垃圾商家，差评，千万别在这买酒，刚开始不开发票，要求了很多次，开出的票还是错的，让我寄回去换发票，居然告诉我120个工作日才能重新开发票，极为官僚！
菲***7,2017-07-20 10:25:26,棒棒的！
宁***田,2017-07-19 22:58:27,外面一个纸箱里是里面的六瓶一箱的小箱。很好！
一***葱,2017-07-19 22:33:30,非常满意
小***别,2017-07-19 22:32:28,旗舰店的东西放心二字
q***9,2017-07-19 22:31:29,很好，放多几年再喝。
梁***7,2017-07-19 21:58:24,????要抢也抢不到
梁***7,2017-07-19 21:58:02,???，要抢
陈***1,2017-07-19 21:56:51,此用户没有填写评论!
7***淘,2017-07-19 21:42:07,很好
7***淘,2017-07-19 21:41:48,很好
7***淘,2017-07-19 21:41:29,很好
7***淘,2017-07-19 21:41:07,很好
7***淘,2017-07-19 21:40:47,很好
7***淘,2017-07-19 21:39:34,很好
s***y,2017-07-19 20:57:49,好评！
牛***好,2017-07-19 20:34:29,好，信你是原装货
牛***好,2017-07-19 20:33:41,好，信你是原装货
t***8,2017-07-19 20:02:01,6月18日下了两单，一单两瓶，一单一瓶，两瓶那单早已收到，这单迟迟未发货，问客服为何，答曰：我们有自己的发货方式，我想想也是，就是你客户同时下一百单，咱茅台酒厂就是一单一单发货，急死你客户不负责，反正咱茅台酒厂有的是钱，给快递多赚几块咋的了？???
t***1,2017-07-19 15:21:11,正品！！！！！！！！！！！！
我***子,2017-07-19 14:43:06,此用户没有填写评论!
我***子,2017-07-19 14:42:51,此用户没有填写评论!
我***子,2017-07-19 14:42:36,此用户没有填写评论!
我***子,2017-07-19 14:42:04,此用户没有填写评论!
我***子,2017-07-19 14:32:28,就是没钱
我***子,2017-07-19 14:31:49,回来了不少
我***子,2017-07-19 14:31:09,发货挺快
w***4,2017-07-19 14:31:02,活动买的，挺划算。
我***子,2017-07-19 14:30:37,囤得很辛苦
桃***子,2017-07-19 14:28:58,买买买
桃***子,2017-07-19 14:28:39,买买买
h***d,2017-07-19 14:16:05,相信茅台的品质
l***x,2017-07-19 11:13:19,好不容易抢到，留着，等过几年孩子上大学时庆祝！
l***x,2017-07-19 11:13:02,好不容易抢到，留着，等过几年孩子上大学时庆祝！
月***橱,2017-07-19 10:23:26,不错，发货速度不会很慢。
中***麟,2017-07-19 10:19:05,包装依旧很好，没有破损挤压跑酒现象！官网值得信赖！
d***t,2017-07-19 10:02:39,非常棒的体验，比狗东强万倍！！！狗东下了订单愣是帮你取消，支持天猫！
d***t,2017-07-19 10:02:22,非常棒的体验，比狗东强万倍！！！狗东下了订单愣是帮你取消，支持天猫！
d***t,2017-07-19 10:02:12,非常棒的体验，比狗东强万倍！！！狗东下了订单愣是帮你取消，支持天猫！
d***t,2017-07-19 10:01:48,非常棒的体验，比狗东强万倍！！！狗东下了订单愣是帮你取消，支持天猫！
d***t,2017-07-19 10:01:16,非常棒的体验，比狗东强万倍！！！狗东下了订单愣是帮你取消，支持天猫！
d***t,2017-07-19 10:00:53,非常棒的体验，比狗东强万倍！！！狗东下了订单愣是帮你取消，支持天猫！
超***0,2017-07-19 09:43:39,酒收到了，杯子烂了一个，不开心
丁***9,2017-07-19 09:42:26,预售30天内发货，拍下后一周的样子就发了，还算快。酒还未食用，到时候再追加。
童***生,2017-07-19 09:20:00,好 好
g***7,2017-07-19 09:11:29,好
a***e,2017-07-19 08:53:46,茅台要秒杀。。。。真是醉
q***9,2017-07-19 01:47:26,包装很不错，应该是正品，放多几年再喝。
b***r,2017-07-18 22:34:00,1299价格买的   贵也不贵  便宜也不便宜   搞不懂中国  茅台还要抢   淘宝就这一个店有货
z***i,2017-07-18 20:42:47,第三次购买
z***i,2017-07-18 20:42:29,第二次购买
t***1,2017-07-18 20:41:32,包装不错
t***1,2017-07-18 20:41:08,挺不错，
迅***红,2017-07-18 19:16:59,还行
z***w,2017-07-18 18:08:43,还没喝，希望是正品
z***w,2017-07-18 18:08:26,希望是正品
医***识,2017-07-18 17:26:50,酒是好酒，整个包装运输过程都是高标准，但是客服让人感觉不爽，跟机器人有啥区别。
b***b,2017-07-18 17:12:43,支持茅台。。
c***8,2017-07-18 16:48:22,每天10点开抢，这是茅台什么策略啊？饥饿游戏，能买上就买几瓶吧！反正大幅降价不可能，另外告知，这个茅台酒瓶上有茅台电商的标志，和其他渠道有所不同，
张***4,2017-07-18 16:37:07,非常好 官网的产品值得信赖
黑***1,2017-07-18 15:29:39,此用户没有填写评论!
a***n,2017-07-18 15:15:02,很好
神***牛,2017-07-18 14:46:50,抢的第二瓶茅台酒，货物正宗，发货快，赞一个！
a***i,2017-07-18 14:43:39,应该是真的吧
郑***馨,2017-07-18 14:28:42,不错?????，我！nnnnnnnn
h***8,2017-07-17 20:48:15,可以，渠道硬，就是德邦太慢
闰***达,2017-07-17 20:34:46,很不错
六***洋,2017-07-17 19:09:15,用官网的方法验证了，就是真的，包装很好，不愧是名酒中的名酒。与此同时，EMS是我所经历服务最糟糕的快递公司，没有之一，简直不想提，同样的酒顺丰和德邦物流发货就顺利的不行，强烈建议所有物流都通过顺丰和德邦物流。
c***2,2017-07-17 18:43:47,此用户没有填写评论!
迅***红,2017-07-17 18:41:29,等的时间很久，回来酒碎了又重新发货，前前后后近两个月了，没办法在别处怕买到假货
牛***好,2017-07-17 17:19:12,这次不能一起发货，遗憾！还是一如继往好！
菲***7,2017-07-17 16:56:08,有一瓶酒溢出来了，右上角的标签搞糊了，一打开有酒味，影响不大，收了，不知道是酒包装的问题还是运输的问题，顺丰是不是比德邦要好一些？以前顺丰没这问题
黑***1,2017-07-17 14:34:34,此用户没有填写评论!
6***g,2017-07-17 13:44:54,包装精致、无破损，顺风很快，拍多次了，每次要专用防伪器，就是不给，一次也没略实！为什么在这里买洒，因为相信国酒的优良，相信官网电商，但价格和销售方式真特殊！
s***e,2017-07-17 13:10:15,我就问问RFID真的被破解了吗？
s***e,2017-07-17 13:08:52,我预测农历八月十五前还要涨价100块！信不信？
小***别,2017-07-17 12:30:50,非常棒，刚开始只买了一瓶，想多买点送给我爸。
x***w,2017-07-17 12:26:09,非常棒，包装也很稳，带了个识别器，选择官方旗舰店就是图个放心。就是发票的话，你不催就没有，我的现在还没发来呢
双***a,2017-07-17 12:00:58,相信官方是正品，顺丰快递服务也很好。
姚***君,2017-07-17 11:09:15,好用，下次还来
姚***君,2017-07-17 11:08:51,下次还来
月***橱,2017-07-17 10:47:19,物流挺快的
y***6,2017-07-17 10:25:49,多次在官网购买酒了，关键是货放心，虽然每次购买都不容易，还要抢 服务不错
伟***1,2017-07-17 10:13:28,相信旗舰店，抢的太辛苦了
改***8,2017-07-17 10:00:41,杯子都碎了
6***g,2017-07-17 09:44:14,这里每次最多只能拍买二瓶，现已拍5次，准备买个2件，给服务人员构通多次，想让发货时随货发个箱子，我好存放或送人，中国名酒茅台名誉和服务人员素质不成比，每次拍时要求给个验酒器一次也没送，服务真不怎么好，假若顾客们每次都是象我一样，每次只能拍二瓶，每箱酒都有验酒器送，而你们|不送验酒器，你们要那么多验酒器干啥！
p***x,2017-07-16 23:09:08,真品，有机会再来囤几瓶
p***x,2017-07-16 23:07:30,不错，真品。
超***8,2017-07-16 21:45:02,很好
虎***1,2017-07-16 20:47:19,好快到，未喝，不知真假。
h***3,2017-07-16 20:15:30,终于到了，回头试下是不是正品
s***o,2017-07-16 17:17:37,挺好，现在的茅台确实贵点了，放10年在喝
s***o,2017-07-16 17:16:44,不错，就是贵点了
天***子,2017-07-16 16:34:27,一般般一般般茅台贵呀
t***g,2017-07-16 14:40:40,除了发货慢，没有缺点
天***7,2017-07-16 14:23:13,非常好。留着升值
李***8,2017-07-16 13:28:31,中间物流有点小插曲，经验证外观是真品。
李***8,2017-07-16 13:27:29,中间物流有一点插曲，今天终于收到，经验证外观是真品。
t***9,2017-07-16 10:34:31,这瓶酒盖松了，酒水出来了，怎么办！
神***牛,2017-07-16 10:06:05,很难才抢到一瓶，发货也蛮快的，相信是正品。
卢***8,2017-07-16 09:02:26,有送一个识别器，感谢。
然***窝,2017-07-16 08:17:00,已验证，正品，4月的酒，但是发票没有寄出。
夜***祭,2017-07-16 07:44:57,来旗舰店买的就是图放心，但是茅台一边说控价一边旗舰店主导价格上涨真是当了女表还要立牌坊！
我***购,2017-07-16 06:14:44,非常好双层包装，一次买了三单，直接一整箱，按说比茅台网上渠道还要包装细致。茅台经典值得购买，我也是第一次从网上购买奢侈品牌的奢侈品类，希望不会让我失望，就算投石问路了。信用使然，有一点，下单后，一个月才发货的，急用勿拍，可以理解！
我***购,2017-07-16 06:13:45,非常好双层包装，一次买了三单，直接一整箱，按说比茅台网上渠道还要包装细致。茅台经典值得购买，我也是第一次从网上购买奢侈品牌的奢侈品类，希望不会让我失望，就算投石问路了。信用使然，有一点，下单后，一个月才发货的，急用勿拍，可以理解！
我***购,2017-07-16 06:06:01,非常好双层包装，一次买了三单，直接一整箱，按说比茅台网上渠道还要包装细致。茅台经典值得购买，我也是第一次从网上购买奢侈品牌的奢侈品类，希望不会让我失望，就算投石问路了。信用使然
h***n,2017-07-16 00:09:38,官方值得信赖
h***n,2017-07-16 00:08:59,正品
l***3,2017-07-15 23:37:23,一切都是完美的！感谢你们辛勤工作人员！希望继续保持良好的信誉！再创辉煌！再次感谢！封存起来待五年后开瓶畅饮一番！哈哈哈哈
海***水,2017-07-15 22:19:29,好
雪***吗,2017-07-15 21:55:21,发票可以开电子普通发票，很方便
雪***吗,2017-07-15 21:54:29,抢到了2瓶，可是生肖酒一直没抢到
y***6,2017-07-15 18:45:03,正宗又便宜
杨***里,2017-07-15 18:33:46,还没有打开，官方旗舰店买的肯定不错的
高***8,2017-07-15 18:22:12,暴力运输，包装严重破损，向10083投诉也没人处理，EMS服务太差了，6，18买的酒发票到现在也没邮到！期待发票早日邮到！
杨***i,2017-07-15 16:38:12,好酒！发货速度快，一周鹊交趿耍话b妥妥的
t***3,2017-07-15 16:37:45,此用户没有填写评论!
t***3,2017-07-15 16:36:42,此用户没有填写评论!
c***e,2017-07-15 15:28:33,还没喝，应该不会假吧
c***e,2017-07-15 15:26:45,还没喝，希望不会有假
c***e,2017-07-15 15:26:05,还没喝，应该不会假吧
董***晰,2017-07-15 15:18:23,很好
董***晰,2017-07-15 15:18:12,很好
董***晰,2017-07-15 15:17:47,包装的很好
v***n,2017-07-15 15:12:24,还没开。相信应该是正品
旅***途,2017-07-15 14:29:54,发货快，包装好
t***1,2017-07-15 14:17:00,每天拍二瓶，物流配送都很好，给好评！
t***1,2017-07-15 14:15:52,每天拍二瓶，物流配送都很好，给好评！
t***1,2017-07-15 14:14:38,饥饿营销策略，每天拍二瓶，物流配送都不错，给好评！
t***1,2017-07-15 14:13:36,饥饿营销策略，每天拍二瓶，比生肖酒容易拍，物流配送都不错，给好评！
t***1,2017-07-15 14:09:23,飞天茅台还是不算紧张，每天能拍个二瓶，饥饿营销手段，总算拍了六瓶，只是正常要喝的，没有收藏必要，物流配送都很好，给好评！
f***7,2017-07-15 13:36:33,非常感谢，送货及时，包装精美
t***a,2017-07-15 11:58:02,非常好的酒
任***用,2017-07-15 11:45:40,没喝呢，发货很慢，包装挺好
t***1,2017-07-15 11:42:47,发货快，多方验证没问题
f***8,2017-07-15 11:15:16,不懂看，放一边去
卢***8,2017-07-15 10:57:34,买了几次，感得越来越难买到，服务态度不怎么好，商品外包装识别是真的，酒是不是真茅台喝后追加评
t***9,2017-07-15 10:43:21,包装有点简陋了，来的时候一边的胶带已开启。
s***y,2017-07-15 10:29:54,好评
s***y,2017-07-15 10:29:27,好评
快***7,2017-07-15 10:16:01,好酒靠抢，
快***7,2017-07-15 10:14:55,分多次购买，是30天内发的货
快***7,2017-07-15 10:13:51,老公喜欢喝，就是难买点，
中***家,2017-07-15 10:04:09,当天就发货了，很是惊喜，只可惜资金不足，只能一瓶瓶买。
衡***军,2017-07-15 09:08:05,还不错，总算到了，喝了一点，应该是真品！
离***8,2017-07-15 08:53:36,还行
w***8,2017-07-15 06:31:38,好评，又凑一箱
l***5,2017-07-15 00:09:40,物流配送挺快，包装精美质量不错！
l***5,2017-07-15 00:09:00,物流配送挺快，包装精美质量不错！
苍***弟,2017-07-14 22:29:41,很不错，正品
2***偶,2017-07-14 22:18:14,收到货了，还没品尝，应该是正品
大***5,2017-07-14 21:09:53,买了很多次，买茅台一定要正规渠道
夜***祭,2017-07-14 20:42:07,官方的肯定放心.
航***二,2017-07-14 20:37:39,第一次淘宝旗舰店购买茅台，有点忐忑，店家安排的快递是德邦，本来还有点不放心。但是收货后挺满意的。包装盒完好无损。细细研究了一下，应该是正品。
2***代,2017-07-14 20:28:21,买了两瓶，一瓶是2016年出厂，一瓶是2017，应该是正品不会错。nfc显示正常，做工不错。先放着，以后有需要拿出来喝。茅台是好酒，不过现在太贵，有点不值得，炒作的气氛太浓。
l***9,2017-07-14 20:25:30,产品是好东西，服务态度略好于专卖店。
2***代,2017-07-14 20:24:21,茅台酒真心不错，漂亮精致，承载中国酒文化，买了两瓶，纯个人喜好。店铺服务热情，酒正品不会假。不过现在的茅台真贵，特别是那些恶心的生肖茅，都是炒作，最终开心的是卖酒的，真暴利真赚钱。飞天去年800多的时候没人要，现在又贵又难买，还要抢，都是投机炒作来的。中国人历来买涨不买跌，这样下去，年底不知会怎样。很多人都是为了升值转手来买的，真会一直涨吗？酒是消费品，最终是用来喝掉的，太贵了，最后会栽在自己手里成了接盘侠，卖不出去只能自己喝掉。真要论收藏的话，谁真的有坚持20年30年的耐心，还要专心专业收藏得好才有价值。收藏不好酒坏了，酒跑了，可是空瓶一个，没有任何价值。
程***1,2017-07-14 19:25:24,不错的酒，不错的价
l***0,2017-07-14 19:11:54,经典白酒，名不虚传。包装很到位，经常担心中途被调包，其实一点也不用担心，顺丰快递，100个放心。喜欢此白酒的，放心在此购买。相信我，没错的。
牛***好,2017-07-14 19:11:39,很好，不是一起拍还能一起发货，赞一个&hellip;
t***1,2017-07-14 18:42:20,完好无损收到，已手机验证，是真品。 以前在购酒网和酒仙网买的茅台好像都是假的?，2015年的，手机验证没反应。
向***光,2017-07-14 17:44:03,包装地挺仔细，拆开看了完好，瓶盖上加了一层厚汽泡板，防碎，挺好的
l***3,2017-07-14 17:38:10,货真。包装完好。希望茅台酒厂继续保持稳定！夏天来了。工作人员辛苦了！感谢大家！
z***l,2017-07-14 17:18:21,没有验证，相信旗舰店。第一次买，给朋友当礼物的，也还没有品尝，相信是正品。 客服 qi&oacute;ng jiāng，貌似很忙啊。
小***8,2017-07-14 17:04:50,很满意。
m***骨,2017-07-14 11:49:57,分开买了六瓶，寄过来一箱，比想象发货快，相信旗舰店
z***5,2017-07-14 11:49:52,好不容易抢到的，就是发票没有及时给我。
j***5,2017-07-14 11:36:53,质量应该没有问题，只不过等待了近一个月
s***a,2017-07-14 11:12:53,好评！
w***8,2017-07-14 11:03:32,好评，太难买了，鸡年纪念版
w***8,2017-07-14 10:42:45,好评，让人放心的渠道！
s***e,2017-07-14 10:37:53,躺着赚钱的时候到了，多放点货吧！难不成要涨回2012年的高点？
恒***金,2017-07-14 10:35:30,此用户没有填写评论!
恒***金,2017-07-14 10:34:50,此用户没有填写评论!
恒***金,2017-07-14 10:32:35,真东西！不错，只是太难抢了，希望茅台酒厂重视一下网上客户，每天多放一些酒出来！
外***了,2017-07-14 10:31:25,15天就到收到了，很是开心，包装完好精致 相信官网 如若有缘 共饮此杯
a***n,2017-07-14 10:20:48,太不容易了，终于抢得2瓶。还没喝，应该是真品。超预期发货，物流也很快。
c***6,2017-07-14 09:28:46,很棒的一次买贵重物的一次体验，平常对淘真不敢太信任，但这次改变了我的看法，发货快还同时发票什么都同步可打印，棒！！还会再次购买的谢谢！！
红***0,2017-07-14 08:34:32,还没有拆包装，相信官网！
z***w,2017-07-14 07:05:53,收到，还没喝，希望是真品
叮***8,2017-07-14 07:01:52,茅台飞天真心难买，也很难抢！
s***y,2017-07-13 23:25:29,好评
s***y,2017-07-13 23:07:26,好评
子***c,2017-07-13 23:00:10,很好，贵州空运过来，应该是真品
普***酒,2017-07-13 21:27:35,宝贝非常好，只是太难抢到了。开心
普***酒,2017-07-13 21:25:19,快递小哥很贴心
牛***好,2017-07-13 21:24:39,还好，就是里面无法验证！
时***辉,2017-07-13 19:34:28,品尝以后再追评
石***蒋,2017-07-13 19:01:58,验证NFC为真，物流不错。
雄***师,2017-07-13 18:46:23,方便放心，就是发货慢点。
紫***2,2017-07-13 18:29:00,还可以吧，快递不怎么快，酒杯坏了一个，联系客服又补发了杯子。
f***8,2017-07-13 18:27:39,很好很强大。
山***1,2017-07-13 18:14:35,发货越来越快，服务不断提升。期待能不时扩大一下线上销售的品类。
z***4,2017-07-13 18:11:22,此用户没有填写评论!
z***4,2017-07-13 18:10:47,此用户没有填写评论!
t***1,2017-07-13 16:18:39,让寄个发票，一个星期了，都没有寄来，这发票就那么难开？习惯好评。
t***1,2017-07-13 16:18:25,让寄个发票，一个星期了，都没有寄来，这发票就那么难开？习惯好评。
李***茉,2017-07-13 15:20:08,国酒茅台 当之无愧
t***2,2017-07-13 14:01:52,全部专卖店验货。正品太好了。
韩***哦,2017-07-13 12:51:14,酒看着不错，物流有点慢，还行。放两年再喝
s***r,2017-07-13 11:03:59,茅台现在成了紧俏商品，下单到收货不到半个月，还可以吧。官网买的东西放心，包装也不错。
左***7,2017-07-13 10:13:26,收到了，包装很好
文***彬,2017-07-13 09:31:44,卖家发货的速度还挺快的，以为真要30天才发货，付款后没十天就发货了，比预计的快好多。收到商品也挺快的。商品包装的非常严实，收到后包装没有发现任何破损。酒也没有渗漏。酒从外观上看起来应该很不错，检验是正品，很满意。店家发货及时，物流快！正品保证。全5分好评！
文***彬,2017-07-13 09:31:24,卖家发货的速度还挺快的，以为真要30天才发货，付款后没十天就发货了，比预计的快好多。收到商品也挺快的。商品包装的非常严实，收到后包装没有发现任何破损。酒也没有渗漏。酒从外观上看起来应该很不错，检验是正品，很满意。店家发货及时，物流快！正品保证。全5分好评！
文***彬,2017-07-13 09:31:05,卖家发货的速度还挺快的，以为真要30天才发货，付款后没十天就发货了，比预计的快好多。收到商品也挺快的。商品包装的非常严实，收到后包装没有发现任何破损。酒也没有渗漏。酒从外观上看起来应该很不错，检验是正品，很满意。店家发货及时，物流快！正品保证。全5分好评！
y***2,2017-07-13 09:30:09,好
t***1,2017-07-13 08:57:46,正品，发货非常快，分批买了6瓶，以为是原装整箱发货好收藏，结果是每次发2瓶，只有重新购买，希望下次发能原装
l***0,2017-07-13 08:42:43,此用户没有填写评论!
s***7,2017-07-13 08:10:43,不知真假，查了验证码，属实
张***m,2017-07-12 21:28:20,昨天在茅台镇厂里
离***8,2017-07-12 20:59:48,天气炎热，运过来的酒喝了头痛
离***8,2017-07-12 20:59:24,天气炎热，运过来的酒喝了头痛
淡***仪,2017-07-12 18:20:16,好评！
赵***兰,2017-07-12 17:50:28,商品好，售后服务更好
李***8,2017-07-12 17:00:01,藏酒的等待，今天到了，又双是中国邮政，和上次一样又有拆开的痕迹，拒收呢，又是长久的等待，收了，初验是真的。
李***8,2017-07-12 16:56:55,藏酒的等待，今天到了，又双是中国邮政，和上次一样包装又有开拆痕迹，拒收呢又是长久的等待，收了，初验还是真。
t***1,2017-07-12 16:54:57,非常好，发货快，包装也很到位，分几天拍得6瓶，整箱发货的，先留起过年再喝，还会继续购买。
y***2,2017-07-12 16:24:38,很激动抢到了茅台厂发的飞天茅台，是给老公买的生日酒，我信它是真货。包装完好快递小哥送到手上，验收包装完好才开箱检查有无破损。要附赠专用防伪器就好了。五星好评。
c***7,2017-07-12 16:13:35,好
c***7,2017-07-12 16:13:20,好
c***7,2017-07-12 16:13:11,好
a***龙,2017-07-12 15:32:14,快递太慢 真的觉得是假顺丰 三天才到
三***爱,2017-07-12 14:24:11,凌晨三四点抢茅台的节奏。。
三***爱,2017-07-12 14:23:38,这茅台抢的我很心累 ！！！
y***9,2017-07-12 14:17:24,没有发票，请补
徐***乔,2017-07-12 14:08:40,太慢了
徐***乔,2017-07-12 14:08:21,?
徐***乔,2017-07-12 14:08:04,还行
徐***乔,2017-07-12 14:07:39,太慢，其他毛病没有
后***吧,2017-07-12 13:25:49,好酒好酒。希望增加供应，官网和旗舰店经常断货。
后***吧,2017-07-12 13:24:18,好酒，绝对一流。经常买，只是普茅供不应求，官网及旗舰店总断货。
s***y,2017-07-12 12:23:51,不愧是国酒！就是不一样，真的很棒！
看***日,2017-07-12 11:52:14,很好 就是限购不太舒服 还要换着抢来抢去  &hellip;&hellip;&hellip;&hellip;
w***n,2017-07-12 11:00:47,不错，打算继续屯货
中***麟,2017-07-12 10:29:40,包装结实。没有破损挤压，非常满意的一次购物，值得信赖！
t***6,2017-07-12 10:09:16,还没拆开喝，不知道怎么样！等喝过再来补充评价
t***6,2017-07-12 10:08:36,还没打开喝，不知道怎么样！等喝过再来补充评价！只能先给四星
t***6,2017-07-12 10:07:30,还没打开喝，不知道怎么样！
t***6,2017-07-12 10:06:46,说的是抢购，可连续很多天，我看到的是&ldquo;购买&rdquo;的红灯根本没亮就没了&hellip;&hellip;这其中没有猫腻？不管你信不信，反正，我是不信&hellip;&hellip;四颗星都觉得给多了！
j***1,2017-07-12 08:59:46,非常好，采购的，能给多点量就好了啦
h***a,2017-07-12 01:09:14,还能有假吗？不可能
h***a,2017-07-12 01:08:44,买不到的好酒
九***号,2017-07-11 23:20:19,大牌子就是不一样 良心而又耐心的售后解决了 一些小意外
张***6,2017-07-11 22:42:06,好！
有***彩,2017-07-11 20:49:33,一如既往的好酒
f***o,2017-07-10 15:52:35,可以 可以
f***o,2017-07-10 15:52:18,可以 可以
张***1,2017-07-10 14:43:13,好酒，存着
张***1,2017-07-10 14:42:59,好东西
康***络,2017-07-10 13:35:57,此用户没有填写评论!
月***卫,2017-07-10 12:30:35,喝了两杯，20平小屋子里确实是满屋酱香
旅***途,2017-07-10 11:45:15,发货快，包装好
s***8,2017-07-10 10:51:32,正品，包装好。
h***d,2017-07-10 09:39:21,多次购买了，茅台酒品质见证
金***书,2017-07-10 09:26:56,包装就是专业，盒子里面还有泡沫防震。有送礼品袋哦！过段时间再买两瓶！不知道什么时候再有优惠！
a***7,2017-07-10 01:30:35,货真价实
k***9,2017-07-09 23:30:14,很好
r***i,2017-07-09 22:52:15,感觉不错的
百***9,2017-07-09 20:45:59,官网买的放心。
百***9,2017-07-09 20:44:57,官网买的放心。
逗***6,2017-07-09 19:41:17,买到就是赚到，哎，还是网店好，至少有货
陈***辉,2017-07-09 19:08:30,7号发的顺丰，9号收到货，物流很快，服务也很好，送了一个验酒器，可惜是坏的
t***9,2017-07-09 18:27:31,酒收到！速度超快！开始看的发邮局以为很慢！没想到发的航空。和在专卖店里买的对比一下差不多。用专用器上面不是金黄色而且没有黑点。如一图所看。。瓶口有松动来回能转半圈。飘带不去专卖店的笔直！酒厂的货不能假吧。可惜只让添加五个图片！
r***3,2017-07-09 18:11:38,每年都会囤几瓶，可是没想到今年这么抢手。618下单，7月6号收货。抢手啊，人家提前就说好是30天内发货。是2017年的酒。买两瓶赠送了验酒器。不过参照验酒的方式，没有看到那个忽隐忽现的，mt。但无论无何，茅台官方店，不该有假酒的。所以也就不在验啦，当他是真货。目前正在申请发票中。
a***4,2017-07-09 17:53:09,非常棒感谢
a***4,2017-07-09 17:52:44,非常棒感谢
没***y,2017-07-09 17:36:47,此用户没有填写评论!
l***m,2017-07-09 15:06:59,终于收到了
a***3,2017-07-09 15:03:58,发货比较慢，其他都好
t***6,2017-07-09 14:48:31,酒质非常好
一***诶,2017-07-09 14:15:58,第一次购6.18.没什么优惠。四瓶貌似有瓶有点松动，香气溢出。只能信任旗舰店，打算每年入手几瓶用于收藏。生肖版一直想进入为什么这么难，10年后品，会一直关注
一***诶,2017-07-09 14:11:19,信任旗舰店。包装好购了四瓶。大折腾了，想抢生肖太难，为什么不放量呢
明***8,2017-07-09 13:51:08,全五分，你值得拥有
明***8,2017-07-09 13:50:47,全五分必须的
明***8,2017-07-09 13:50:25,必须全五分
明***8,2017-07-09 13:49:59,官网发货值得信赖！必须全五分
m***b,2017-07-09 13:37:02,整整一个月才发货
s***k,2017-07-09 12:23:36,还没喝，相信旗舰店，应该正品。
h***u,2017-07-09 09:08:28,一个多月后才发货！ 我5月份拍下的，7月份才发货！  无语
l***3,2017-07-09 09:08:01,不错
闲***场,2017-07-09 08:39:31,满意
闲***场,2017-07-09 08:37:47,很好
w***2,2017-07-08 21:18:52,很好
w***2,2017-07-08 21:18:07,很好
w***2,2017-07-08 21:17:27,很好
t***3,2017-07-08 18:39:16,真品，验证符合，物流还行
p***g,2017-07-08 18:21:52,除了发货漫长以外，包装什么的都好.
东***明,2017-07-08 17:31:19,很好
c***e,2017-07-08 16:12:18,还不错，买来给老爸的，就是快递慢了点，虽然是顺丰，不过还是在路上走了三天，还有好几天才发货，够等
一***去,2017-07-08 16:10:32,好酒
一***去,2017-07-08 15:26:13,东西是不错，就是涨价太狠啦
l***g,2017-07-08 14:38:33,收到，满意！
多***个,2017-07-08 14:19:20,收到了，一个月了，准备后年喝
多***个,2017-07-08 14:18:43,一个月，总算收到了，幸亏是收藏的
多***个,2017-07-08 14:17:53,一个月，真的收到了
j***n,2017-07-08 14:09:02,茅台还评个啥？
l***0,2017-07-08 13:19:21,此用户没有填写评论!
w***8,2017-07-08 10:24:15,好不容易凑齐两箱。
w***8,2017-07-08 10:22:19,好难买哦，鸡年版的还一直买不上，买官网图心安！
会***子,2017-07-08 10:09:04,还没喝，喝完再来评价
浪***6,2017-07-08 08:46:50,618大促销买的，拍了2瓶，只收到了1瓶，问了客服，限购一人一瓶，马上叫儿子，老婆赶紧再拍。 标示30天后发货，但不到半个月就收到了，速度还是很快的，快递小哥也很认真的。 打开箱子看看，包装严密，没有一丝酒味，有验酒器，礼品袋，相信茅台官方店，已收藏多瓶了，待几年后儿子办事再用，保质又升值，茅台茅台，值得拥有!*^o^*
w***8,2017-07-08 08:13:22,官网买得放心！
t***3,2017-07-07 23:29:49,正品
t***3,2017-07-07 23:29:38,和茅台商城的酒一起发货正品
c***2,2017-07-07 18:48:30,正品无疑，发货快，珍藏几年再喝会更好
平***奴,2017-07-06 17:31:35,宝贝收到，一共买了一箱，相信国酒茅台的优良品质，包装非常好，物流也不错。
a***8,2017-07-06 16:43:51,不错
t***3,2017-07-06 16:32:13,通过验证，是真品
t***1,2017-07-06 14:50:50,good
x***1,2017-07-06 12:49:09,很好，是正品，值得信赖！
x***1,2017-07-06 12:48:47,是正品，很好，值得信赖
昌***光,2017-07-06 12:16:36,好酒！物流还是顺丰好，快！
t***8,2017-07-06 10:22:40,很好
w***2,2017-07-06 08:50:40,还行吧，看不出真假
z***i,2017-07-06 05:32:00,感觉不错。就是真的。就是等了很久才发货
w***1,2017-07-06 00:43:45,包装不错，没有损坏，第一次购买，总体感觉不错
w***8,2017-07-06 00:12:51,官网放心！包装完好！客服热情！
w***8,2017-07-05 23:25:57,正品
w***8,2017-07-05 23:25:32,正品
r***2,2017-07-05 22:20:41,比市面上便宜好多
小***壮,2017-07-05 19:32:59,不错，不错，今天收到发票了，茅台集团电子商务股份有限公司的?
小***壮,2017-07-05 19:32:21,！?
t***1,2017-07-05 17:55:18,好
t***1,2017-07-05 17:54:54,好
王***2,2017-07-05 17:48:35,茅台酒怎么涨得这么快啊。。前两年才800多
t***1,2017-07-05 17:00:19,不错，保护非常到位！
基***子,2017-07-05 15:55:48,下载官方APP，用NFC验证过了，确实是正品
g***0,2017-07-05 14:52:15,还没喝，相信旗舰店，要是卖假货，肯定会被厂家打的
a***1,2017-07-05 14:02:19,好评，这次终于是把几个订单1箱6瓶这样发啦。以前两瓶或者4瓶发的老担心会补快递换掉。
a***1,2017-07-05 14:02:12,好评，这次终于是把几个订单1箱6瓶这样发啦。以前两瓶或者4瓶发的老担心会补快递换掉。
a***1,2017-07-05 14:02:04,好评，这次终于是把几个订单1箱6瓶这样发啦。以前两瓶或者4瓶发的老担心会补快递换掉。
a***1,2017-07-05 14:01:56,好评，这次终于是把几个订单1箱6瓶这样发啦。以前两瓶或者4瓶发的老担心会补快递换掉。
a***1,2017-07-05 14:01:48,好评，这次终于是把几个订单1箱6瓶这样发啦。以前两瓶或者4瓶发的老担心会补快递换掉。
a***1,2017-07-05 14:01:40,好评，这次终于是把几个订单1箱6瓶这样发啦。以前两瓶或者4瓶发的老担心会补快递换掉。
a***1,2017-07-05 14:01:32,好评，这次终于是把几个订单1箱6瓶这样发啦。以前两瓶或者4瓶发的老担心会补快递换掉。
a***1,2017-07-05 14:01:26,好评，这次终于是把几个订单1箱6瓶这样发啦。以前两瓶或者4瓶发的老担心会补快递换掉。
a***1,2017-07-05 14:01:18,好评，这次终于是把几个订单1箱6瓶这样发啦。以前两瓶或者4瓶发的老担心会补快递换掉。
a***1,2017-07-05 14:01:10,好评，这次终于是把几个订单1箱6瓶这样发啦。以前两瓶或者4瓶发的老担心会补快递换掉。
a***1,2017-07-05 14:01:03,好评，这次终于是把几个订单1箱6瓶这样发啦。以前两瓶或者4瓶发的老担心会补快递换掉。
a***1,2017-07-05 14:00:52,好评，这次终于是把几个订单1箱6瓶这样发啦。以前两瓶或者4瓶发的老担心会补快递换掉。
九***号,2017-07-05 12:30:33,官方店就是靠谱
y***9,2017-07-05 11:52:31,已收到货，检查了包装，很好
y***9,2017-07-05 11:51:43,已收到货，检查了包装，很好
y***9,2017-07-05 11:51:01,已收到货，检查了包装，很好
w***8,2017-07-05 09:26:15,比预期的好！
励***乐,2017-07-05 09:04:54,想买生肖酒，一直没抢到啊
励***乐,2017-07-05 09:04:28,想买生肖酒，一直没抢到啊
t***2,2017-07-05 07:30:47,是官方旗舰店，品质值得信赖，发货再快点就好了！
l***g,2017-07-04 23:26:31,只能说抢到就是幸运，包装完好，直接收藏
l***g,2017-07-04 23:25:59,只能说抢到就是幸运，包装完好，直接收藏
l***g,2017-07-04 23:25:36,只能说抢到就是幸运，包装完好，直接收藏
t***8,2017-07-04 23:12:23,一直在天猫旗舰店买茅台，一如既往的好。
t***8,2017-07-04 23:11:17,多次购买了，一如既往的好。客服人也很好
c***3,2017-07-04 22:33:38,好东西不能错过，就是价格不亲民
b***9,2017-07-04 19:08:22,发货很快，原订是30日内。
长***7,2017-07-04 18:59:43,官网购买质量放心
孙***0,2017-07-04 18:30:16,好酒
戴***8,2017-07-04 18:16:00,值得信赖！每年买几瓶。和父亲喝一瓶
寒***友,2017-07-04 17:37:51,此用户没有填写评论!
寒***友,2017-07-04 17:35:43,物流服务非常好，订购的一整箱茅台酒送至家门口，茅台酒正品值得拥有收藏品味。
李***8,2017-07-04 16:18:49,商家发货迅速，包装整齐，外观来看真品无疑。
我***鹿,2017-07-04 15:40:37,特别好
t***1,2017-07-04 11:01:08,非常好。
t***1,2017-07-04 11:00:50,非常好。
t***1,2017-07-04 11:00:26,非常好！
z***寒,2017-07-04 10:55:56,不错
z***寒,2017-07-04 10:55:49,不错
z***寒,2017-07-04 10:55:41,不错
z***寒,2017-07-04 10:55:33,不错
8***涌,2017-07-04 08:58:49,我们可能是遇见骗子淘宝了，现在淘宝完全不搭理人了，骗我3万多发票也不给，问他们话也不搭理，希望大家谨慎了！
s***1,2017-07-04 07:13:04,应该不错。
s***1,2017-07-04 07:12:43,包装不错，还没喝呢。
l***g,2017-07-03 23:31:17,包装完好，物流很好，相信官网，直接收藏
l***g,2017-07-03 23:30:45,包装完好，物流很好，相信官网，直接收藏
s***5,2017-07-03 23:22:45,存货！5星好评！
l***n,2017-07-03 21:56:58,多次在网上购买茅台酒，这次终于在茅台电商买到，应该是最靠谱的渠道了吧！包装严实，防伪验真没有任何问题，希望喝起来有好的体验！
l***n,2017-07-03 21:55:58,多次在网上购买茅台酒，这次终于在茅台电商买到，应该是最靠谱的渠道了吧！包装严实，防伪验真没有任何问题，希望喝起来有好的体验！
l***3,2017-07-03 20:37:05,一切都是很好的?
s***6,2017-07-03 16:21:21,此用户没有填写评论!
混***8,2017-07-03 14:46:37,店家将我的订单和别人的订单一起发了，也不怕发错，幸亏接受人是同一个。
混***8,2017-07-03 14:45:59,店家将我的订单和别人的订单一起发了，也不怕发错，幸亏接受人是同一个。
a***7,2017-07-03 12:15:13,不错的东西，下次再来
l***3,2017-07-03 10:30:27,这次发货非常好。赞了！本来担心会不会出错。结果很好！包装完好。货品也真。值得信赖！感谢茅台的工作人员。你们都是好样的！再次感谢！
l***3,2017-07-03 10:27:29,真品保证。包装完好无损。送货服务也安全。赞?了
s***子,2017-07-03 07:09:58,此用户没有填写评论!
麻***哥,2017-07-02 23:44:13,发货很快
明***8,2017-07-02 21:26:47,全五分啦
明***8,2017-07-02 21:26:30,全五分啦
明***8,2017-07-02 21:26:14,全五分啦！！！
明***8,2017-07-02 21:25:57,哈哈！全五分，26号拍的，30号收到货了！！！
辰***刘,2017-07-02 21:10:17,正品
我***p,2017-07-02 20:41:30,没喝，包装完整，应该是真品，发货也快，好评
l***5,2017-07-02 19:13:10,包装精美，质量也有保障，应是正品！
l***5,2017-07-02 19:12:22,包装精美，质量也有保障，应是正品！
t***3,2017-07-02 17:20:09,辩伪功能强，买的放心
竹***逛,2017-07-02 15:11:03,不知道真假，希望是真的吧
蛟***坤,2017-07-02 15:02:07,物流运送到货后的照片，运输过程中产品有被调包危险，心塞。建议发货时外边再套一个箱子增加运输过程的安全可靠性！
蛟***坤,2017-07-02 14:56:44,箱子上的贵州茅台胶带封是撕开的，另外覆盖了一层邮政的胶带，箱子下边也坏了，邮政快递用胶带粘好了，好担心酒已经被调包。建议发货时再选用一个外箱套一下，已增加运输过程的安全可靠性。
d***j,2017-07-02 08:33:01,在官方店买的茅台酒，应该是真品！
d***j,2017-07-02 08:32:36,去官方店买比较放心！
d***j,2017-07-02 08:32:15,官方店卖的，品质比较放心！
d***j,2017-07-02 08:30:51,买着放心！喝着安心！
t***0,2017-07-01 21:41:54,茅台此网站没有问题
t***0,2017-07-01 21:41:09,此网站采购白酒大可放心
t***0,2017-07-01 21:39:57,真酒确认放心饮酒
t***0,2017-07-01 21:30:40,放心的酒，放心开喝。
p***u,2017-07-01 20:34:56,好东西
d***j,2017-07-01 20:26:54,很好的酒！
雨***u,2017-07-01 18:57:52,还好，就是包装不露出茅台会更好，飞天茅台酒盒是不是都不带防伪封条？
t***1,2017-07-01 13:53:27,发货快，分批购买了6瓶，联系客服整箱发货，没想到收到真是原装6瓶整箱，非常棒。
b***9,2017-07-01 10:07:46,发货比预想的快，茅台无需评价。
a***y,2017-07-01 08:20:22,包装很结实，打开完好无损，想买一箱买不了，不知道为什么，下次还会来买的&hellip;&hellip;&hellip;&hellip;&hellip;&hellip;&hellip;&hellip;
景***8,2017-07-01 01:35:57,产品很好，扫码是正货。
林***3,2017-07-01 00:34:43,好
隐***3,2017-06-30 23:13:33,过程出了点问题，还好解决了，发货实在太慢，店太欺客
t***1,2017-06-30 19:42:46,可以
天***子,2017-06-29 23:50:30,不知道好不好，喝了才知道！
吴***8,2017-06-29 22:57:44,包装完美没有漏酒，集团专营是正品，非常满意。
t***2,2017-06-29 18:46:28,这个店有点忽悠，一会儿有货一会儿又没货，搞一种买不到的假相，饥饿营销法然后再慢慢涨价就像买房子一样让你晕晕地高价也就买了，哈哈！有个好奇怪的这个没有任何地方有显示飞天的字样，我没买过这个酒，还好没买一箱！
林***3,2017-06-29 15:59:16,每次二支，买了4次，发了一箱完整的，不开封了，相信是正品，多次买了。
林***3,2017-06-29 15:58:10,每次二支，买了4次，发了一箱完整的，不开封了，相信是正品，多次买了。
a***1,2017-06-29 14:58:55,德邦不错！好评！
坏***米,2017-06-29 11:47:58,还不错，不过很奇怪为何芯片怎么读不出来，都读不出来
坏***米,2017-06-29 11:47:42,还不错，不过很奇怪为何芯片怎么读不出来，都读不出来
坏***米,2017-06-29 11:47:25,还不错，不过很奇怪为何芯片怎么读不出来，都读不出来
坏***米,2017-06-29 11:46:39,整箱酒是倒置的，一瓶漏的差不多了。虽然满屋飘香，但是用酒计划受到影响，只能临时借了酒摆宴
z***8,2017-06-29 11:07:31,真
山***雪,2017-06-29 10:26:09,好评
山***雪,2017-06-29 10:25:33,好评
山***雪,2017-06-29 10:25:01,好评
q***7,2017-06-29 09:28:50,在茅台旗舰店下单，如果再踩雷，只能戒酒。 贵酒排队是告知的。顺丰员工业务有待提升，对运输线路不熟。
a***u,2017-06-29 08:58:25,挺不错，就是生肖酒用买不到。
拼***哦,2017-06-29 08:30:10,好酒就是茅台飞天，说其他的酒好喝，那是没喝过茅台！
j***5,2017-06-29 07:44:09,官方买的放心
指***1,2017-06-29 04:53:42,真的是好不容易抢到了两瓶！拍完之后又立马下架了！等了半个多月才发货！不过顺丰很快！还会继续关注的！
超***1,2017-06-28 19:13:27,不错
o***o,2017-06-28 18:37:12,感觉还不错，就是等要发票太困难了，还在等
o***o,2017-06-28 18:34:41,感觉还不错，就是等要发票太困难了，还在等
蒋***迦,2017-06-28 17:36:38,茅台自营正品，没问题。
z***n,2017-06-28 14:28:13,好评，以后继续买。茅台就是好。
j***y,2017-06-28 10:21:56,这个如果不是正品，就没有正品啦！哈哈！原包装都不拆，这样才有收藏价值
j***y,2017-06-28 10:21:09,美美美！
t***5,2017-06-28 09:23:30,4瓶酒给两个纸袋就好了
a***7,2017-06-28 06:37:19,好，贵
a***7,2017-06-28 06:37:00,好贵
a***7,2017-06-28 06:36:46,好，贵
t***6,2017-06-27 21:41:24,很好，先存起来！
缘***7,2017-06-27 21:01:29,好酒，值得收藏。好友、家人聚餐的佳品。
s***8,2017-06-27 19:47:27,酒应该没问题，包装也比较认真，但是没给我发票是怎么回事？
x***8,2017-06-27 18:56:41,好好
x***8,2017-06-27 18:56:11,好喝
好***人,2017-06-27 17:11:48,包装专业完整，物流够快，在旗舰店买着放心！
松***爽,2017-06-27 17:06:21,还不错
松***爽,2017-06-27 17:06:08,还不错送人的，有面子
松***爽,2017-06-27 17:05:52,抢了半天，送人用的还不错
松***爽,2017-06-27 17:05:32,还不错就是不好抢啊
h***信,2017-06-27 14:07:51,德邦物流是垃圾
h***信,2017-06-27 14:05:01,德邦物流是垃圾，货到了都查不了信息，到店铺找客服才发信息到货了，打电话讲好明天送货，第三天要我去自提，否则退回，提货后轮胎被拆散包装箱钉子扎破，又被货车堵。
***傲,2017-06-27 13:27:32,在旗舰店放心，等几年喝了再评
冰***果,2017-06-27 11:12:32,收藏
唔***2,2017-06-27 00:31:50,等了几天就到货了，顺风快递的也不错，是面交的。全五星是正品。
8***z,2017-06-26 23:57:44,经销商囤积垄断维持高价、可持续吗、天价的东西还有几个老百姓喝得起呢？
t***0,2017-06-26 23:48:46,限量抢购很难得啊
t***0,2017-06-26 23:47:33,一直官网采购很好
t***0,2017-06-26 23:46:04,一如既往非常值得
揭***华,2017-06-26 22:10:46,此用户没有填写评论!
揭***华,2017-06-26 22:10:11,此用户没有填写评论!
揭***华,2017-06-26 22:09:41,此用户没有填写评论!
揭***华,2017-06-26 22:09:14,此用户没有填写评论!
j***e,2017-06-26 18:17:08,很好哦
j***e,2017-06-26 18:16:36,非常好
n***o,2017-06-26 16:33:57,限购还不便宜
茶***5,2017-06-26 14:51:09,本来想买鸡年的，实在是抢不到，还没抢就没了
宋***3,2017-06-26 14:45:57,大品牌就是好！
茶***5,2017-06-26 14:43:06,希望是真的不会鉴定。
x***8,2017-06-26 14:17:56,包装非常仔细严实到位！还免费送了识别器，打开一看一闻一扫就是真品，瓶口一点酒味都没有，封口很到味，防伪标识喷码一看就是大品牌！这个月已经累计买了八瓶了，后面还会继续买！
走***6,2017-06-26 11:44:47,很好
走***6,2017-06-26 11:44:05,很好
l***1,2017-06-26 01:58:30,收到货了 就是没给发票...
l***1,2017-06-26 01:57:36,应该是真货 好评...
m***9,2017-06-25 20:52:04,好评！ 包装规范，发货速度快。
l***0,2017-06-25 19:32:20,包装很不错，丝毫没有问题，忘记让商家开发票了
龙***天,2017-06-25 16:09:47,不愧是茅台官方店，售后和售前服务都很好，五个赞！赞赞赞赞赞
w***0,2017-06-25 15:52:01,可以的
d***9,2017-06-25 15:27:48,官方正品值得信赖。
d***9,2017-06-25 15:27:28,官方正品值得信赖。
l***2,2017-06-25 14:51:49,应该是真皮。没喝
g***8,2017-06-25 14:21:50,名牌国酒，值得信任，性价比高，大名牌
劳***锋,2017-06-25 11:41:53,未品尝无法判断真伪
离***8,2017-06-25 10:46:39,这次酒已破损
李***2,2017-06-25 10:08:39,正品
q***9,2017-06-24 23:45:55,没有收到货
q***9,2017-06-24 23:45:19,什么情况？物流一直在揽收中，怎么就算收货了？
兰***雁,2017-06-24 22:08:53,不错
t***3,2017-06-24 20:30:52,顺丰物流棒，NFC扫描匹配
t***3,2017-06-24 20:30:16,NFC扫描匹配，顺丰物流棒
w***0,2017-06-24 16:10:56,很好！抢茅台我只相信官方旗舰店！
林***3,2017-06-24 15:31:25,正品
水***网,2017-06-24 09:12:30,好酒，收到了，真品。
p***y,2017-06-24 08:44:28,酒是好酒，但是对于你旗舰店的态度我真的很气愤，如果可以差评我肯定会给差评的，买之前答应我说发票随货一起寄出，结果酒收到了发票没有，问客服说发票都是之后寄出没有随货的，那既然这样为什么当时买的时候骗我说发票随货寄呢？你们这不是欺骗消费者吗？又说给我登记了发票会寄出来的，结果我都等了一个多星期了还是没有收到，问客服就一直回答我请耐心等待，我的耐心是有限的好吗？
x***6,2017-06-24 08:18:41,很好
c***e,2017-06-24 00:17:20,卖家发货的速度真的是非常的快，付款后十几天就发货了，比预计的快好多，我很快的就收到了这次购买的宝贝，商品包装的非常严实，收到后包装没有发现任何破损。宝贝虽然还没有使用，但是从外观上看起来应该很不错，是正品，比较满意，客服也很快就把发票邮寄过来。这件商品我喝过再来具体评价，下次要是需要的话可以再来买，也推荐大家购买。发货及时，物流快！5分好评！
c***e,2017-06-24 00:16:53,卖家发货的速度真的是非常的快，付款后十几天就发货了，比预计的快好多，我很快的就收到了这次购买的宝贝，商品包装的非常严实，收到后包装没有发现任何破损。宝贝虽然还没有使用，但是从外观上看起来应该很不错，是正品，比较满意，客服也很快就把发票邮寄过来。这件商品我喝过再来具体评价，下次要是需要的话可以再来买，也推荐大家购买。发货及时，物流快！5分好评！
c***e,2017-06-24 00:15:40,卖家发货的速度真的是非常的快，付款后十几天就发货了，比预计的快好多，我很快的就收到了这次购买的宝贝，商品包装的非常严实，收到后包装没有发现任何破损。宝贝虽然还没有使用，但是从外观上看起来应该很不错，是正品，比较满意，客服也很快就把发票邮寄过来。这件商品我喝过再来具体评价，下次要是需要的话可以再来买，也推荐大家购买。发货及时，物流快！5分好评！
c***e,2017-06-24 00:13:56,卖家发货的速度真的是非常的快，付款后十几天就发货了，比预计的快好多，我很快的就收到了这次购买的宝贝，商品包装的非常严实，收到后包装没有发现任何破损。宝贝虽然还没有使用，但是从外观上看起来应该很不错，是正品，比较满意，客服也很快就把发票邮寄过来。这件商品我喝过再来具体评价，下次要是需要的话可以再来买，也推荐大家购买。发货及时，物流快！5分好评！
c***e,2017-06-24 00:11:50,卖家发货的速度真的是非常的快，付款后当天就发货了，我很快的就收到了这次购买的宝贝，商品包装的非常严实，收到后包装没有发现任何破损。宝贝虽然还没有使用，但是从外观上看起来应该很不错，是正品，比较满意，客服也很快就把发票邮寄过来。这件商品我喝过再来具体评价，下次要是需要的话可以再来买，也推荐大家购买。发货及时，物流快！5分好评！
杨***君,2017-06-23 20:55:45,没拆外套包装，相信里面不是砖头。待喝时再开。因此，也不好做什么评价。旗舰店里如果买不到真品，其他店就更不靠谱了。
a***1,2017-06-23 20:39:53,好酒，好顺丰！
a***1,2017-06-23 20:39:27,痛斥中铁快递，垃圾！你们再发中铁，我继续差评
a***1,2017-06-23 20:38:17,中铁是继邮政之后最不靠谱的快递，没有之一，既然你们非要选，我就有权利差评！
a***1,2017-06-23 20:37:15,我真搞不懂茅台怎么会选中铁这种垃圾快递，影响你们品牌形象，坚决差评！
游***桥,2017-06-23 20:15:06,飞天就是飞天！有点小贵！
既***达,2017-06-23 19:12:37,好，及时，可惜至今还没帮我开发票！ 快！
a***4,2017-06-23 19:03:06,非常棒感谢
a***4,2017-06-23 19:02:44,非常棒感谢
a***4,2017-06-23 19:02:15,非常棒感谢
a***4,2017-06-23 19:01:43,非常棒感谢
t***7,2017-06-23 17:00:40,此用户没有填写评论!
t***7,2017-06-23 17:00:07,不错！
s***8,2017-06-23 16:51:28,发货快，价格比实体店便宜，很喜欢
x***0,2017-06-23 12:30:09,物流给力，服务态度也很好。包装的很完美，酒经过验证是正品！
j***8,2017-06-23 12:00:06,不错
j***8,2017-06-23 11:59:00,不错
r***h,2017-06-23 08:49:03,好的
r***h,2017-06-23 08:48:10,可以
r***h,2017-06-23 08:47:21,好
r***h,2017-06-23 08:46:16,好
l***m,2017-06-23 00:26:40,东西不错，验证过了是真品。
s***g,2017-06-22 23:16:59,存着以后喝
w***8,2017-06-22 21:07:01,发货的速度还算快，但是顺丰快递这次不给力，比计划晚了2天。
平***3,2017-06-22 19:19:53,只要是正品就赞一个
蔚***7,2017-06-22 18:41:32,茅台官网发货，应该是真货，打开包装没有酒味，茅台防漏封装到位，可惜在箱子中没有附发票，仅有购物清单，联络客服说可以补开，这个很奇怪，购物后附发票是理所当然的，这个与茅台官网形象不符，顺丰物流加贴防开箱标贴很好，可以防止物流环节出错。
l***3,2017-06-22 18:04:02,没来得急看，相信天猫，相信专卖
a***i,2017-06-22 17:32:15,还没打开，希望是正品
y***2,2017-06-22 17:30:06,发货太慢了，生肖酒抢不到
李***4,2017-06-22 17:10:05,还不错吧，一直是忠诚客户。
李***4,2017-06-22 17:09:56,还不错吧，一直是忠诚客户。
兰***0,2017-06-22 16:40:41,17号拍的，22号收货，包装很严实，没有问题，生产日期是6月。本以为要等到7月份才收到，很惊喜。为了8月老爸生日准备，官方旗舰店品质应该有保障，等老爸一喝就知道真假了，如果好以后的茅台都从这定了
赌***z,2017-06-22 16:18:56,收到了习惯就好评！！！
飞***2,2017-06-22 15:51:56,相信茅台旗舰店的品质，先存二年再喝。
超***y,2017-06-22 11:33:39,同天拍的一次只能拍一瓶，所有评价也要分两次，垃圾的电商。
超***y,2017-06-22 11:31:42,正品没问题，就是这饥饿营销实在让人鄙视，上面明明标着最多一次拍六瓶，实际根本无法拍，每次一瓶还能拍，两瓶都拍不了，这种就是故意制造紧张，垃圾。 没什么服不服务，问什么都是以实际为准。
好***0,2017-06-22 11:19:38,包装很用心，没有验证真假，送人的，相信旗舰店，好评!
m***8,2017-06-22 11:00:22,能多买两瓶吗&hellip;？
喜***清,2017-06-22 10:09:31,包装很好，物流很快，货品很好
c***_,2017-06-22 09:17:16,不错。正品
t***4,2017-06-22 08:30:51,很好！饥饿营销吧！
新***澈,2017-06-22 07:23:56,正品
c***3,2017-06-21 23:02:28,正品
海***1,2017-06-21 22:12:24,总体满意，虽然没有鉴定器，一时无法查询更多真伪信息，但是，看二维码查询，相信茅台官方旗舰店，感觉是正品，顺风从贵州发的货，包装很完好，没有破损，尝尝再来评论。 很好
h***1,2017-06-21 21:37:44,用验酒器看，除了瓶盖顶上黑点看不到，其他都符合，二维码也扫了没问题。谁能告诉我为啥看不见黑点点？
h***7,2017-06-21 20:01:30,官网品质，无需质疑
y***1,2017-06-21 17:49:01,618只优惠一元说明茅台货真价实，两瓶普茅都差不多重，放两年再喝。 都是从贵州发货而不是从经销商处发货，货源让人放心。避免了真酒渗假酒风险，赞一个！
c***9,2017-06-21 17:26:28,应该是真货，就是不能多买
t***8,2017-06-21 15:18:59,很好
t***8,2017-06-21 15:18:17,很好
s***4,2017-06-21 14:24:53,国酒茅台，美
n***i,2017-06-21 12:32:10,非常感谢！
z***8,2017-06-21 12:13:47,官网卖的应该是正品
九***九,2017-06-21 11:40:27,请补开发票，谢谢 好
九***九,2017-06-21 11:38:50,核对后请开发票。
习***翼,2017-06-21 10:21:39,下单没几天就发货了，包装的很好，正品没得说！！
小***花,2017-06-21 08:15:59,帮朋友买的，不错的国酒！
t***1,2017-06-21 08:05:33,酒是好酒，就是对大多数国人来说，国酒太贵了，应该像某些艺术一样，雅俗共赏，让大家都能够在合适的时候欣赏、品尝
r***a,2017-06-20 22:25:16,买了好几次了，很好，就是有时候缺货
x***1,2017-06-20 20:11:19,还没喝 不过看起来不错
纯***6,2017-06-20 19:08:09,查询一下应该是正品，很好，就是价格越来越贵，还有一年生产那么多，不知道还能不能保证质量。
h***u,2017-06-20 17:55:10,噢
一***6,2017-06-20 17:22:54,不错，多次购买了，下次活动还会来。
t***2,2017-06-20 13:41:04,好评
t***2,2017-06-20 13:40:49,好评
y***n,2017-06-20 13:31:45,虽然很难买，等待了好多天，终于收到了货，包装很好，希望是正品。
y***n,2017-06-20 13:31:21,虽然很难买，等待了好多天，终于收到了货，包装很好，希望是正品。
t***9,2017-06-20 12:58:09,好u
l***r,2017-06-20 11:22:09,看着不错的样子，相信官网
s***t,2017-06-20 11:22:03,不错不错
c***0,2017-06-20 10:29:14,在茅台官方旗舰店购买放心。快递员很负责的一定要本人签收验收后才走。 快递员很负责任
q***n,2017-06-20 10:12:47,好
太***望,2017-06-19 21:19:30,待追评
太***望,2017-06-19 21:19:01,待追评
t***1,2017-06-19 20:37:38,还没喝，包装很好
b***y,2017-06-19 19:41:27,通过nfc查询了是正品，包装很好，快递很快，总之非常满意。
p***5,2017-06-19 19:41:04,因为是官方旗舰店，所以酒应该没啥问题。包装的很严密。生产日期是17年4月。呵呵，放几年再喝。 单子上写了要发票，可没有随酒一起寄过来。希望下次发票能一起寄。
法***叶,2017-06-19 18:23:01,30天发货吓坏了，没想到发货也挺快的！茅台厂家购物也放心！
s***u,2017-06-19 17:36:43,快递很及时，应该是真货。
k***s,2017-06-19 09:21:48,物流很快，酒不错
g***j,2017-06-18 23:24:35,宝贝OK，发票请尽快寄出
g***j,2017-06-18 23:22:33,宝贝很好，送了防伪识别器。就差发票了，为何不一起送到？
x***g,2017-06-18 22:28:33,还没拆开看
菲***7,2017-06-18 21:59:08,今天收到了，很棒！
菲***7,2017-06-18 21:58:37,很棒！
龙***6,2017-06-18 21:09:09,经验正，是正品
龙***6,2017-06-18 21:08:14,经验证，是正品
y***7,2017-06-18 20:32:16,包装完好，但还未验证，相信官方旗舰店。
s***1,2017-06-18 20:29:42,包装很好，货品完好无损，谢谢！
蓝***5,2017-06-18 20:13:15,还没喝，收藏了
h***u,2017-06-18 18:47:02,拍飞天，发王子？  5月份的现在还没发货，又不整箱一起发！ 无语 ！
h***u,2017-06-18 18:45:13,拍飞天，发王子？  5月份的现在还没发货，又不整箱一起发！ 无语 ！
h***u,2017-06-18 18:43:22,拍飞天，发王子？
梅***出,2017-06-18 17:44:34,包装很用心，货物扫码真货，打算放个几年再喝
黄***瑾,2017-06-18 16:44:46,希望能买到妈年茅台
黄***瑾,2017-06-18 16:44:00,支持茅台
黄***瑾,2017-06-18 16:43:27,还会继续购买
黄***瑾,2017-06-18 16:42:52,一次下单少了点
黄***瑾,2017-06-18 16:42:13,非常满意
黄***瑾,2017-06-18 16:41:27,放心购买
科***2,2017-06-18 15:23:02,应该已经评价过的，唯一茅台官方网店，信任！
r***h,2017-06-18 11:03:22,好好 好的
s***i,2017-06-18 09:10:40,物流快，质量好，五分好评。
s***3,2017-06-18 07:30:38,发货及时，价格实惠，值得购买！
l***3,2017-06-18 05:18:11,不错
诚***2,2017-06-18 00:55:49,绝对的正品，相信厂家
勾***酿,2017-06-17 23:19:02,以为要隔很久才能收到，但发货速度大大超出预期
沁***0,2017-06-17 23:10:35,总体满意，虽然没有鉴定器，一时无法查询更多真伪信息，但是，看二维码查询，相信茅台官方旗舰店，感觉是正品，顺风从贵州发的货，包装很完好，没有破损，给老人买的，尝尝再来评论。
m***9,2017-06-17 23:05:53,满意
朱***生,2017-06-17 22:21:03,东西还是不错的，就是价格太贵了。
股***灵,2017-06-17 21:49:16,nfc验证通过了，不过一直没搞懂验证码有什么用，有一瓶验证码只有三个数，明显错误，令人怀疑。只能相信是真的，真假非专业人士鉴别不了，网上说nfc验证通过也不一定真。快递服务也不好。
9***n,2017-06-17 20:42:06,验酒器验过为正品，可是发票为什么没有
l***8,2017-06-17 20:40:16,比我们这里的实体店贵11元，为什么？
g***9,2017-06-17 20:39:30,旗舰店就是不一样，以后常来，支持支持茅台股价
世***晨,2017-06-17 19:41:17,好
y***b,2017-06-17 18:26:37,不错，查询了，是正品！
w***0,2017-06-17 17:54:56,还可以吧。还没喝呢！
铜***产,2017-06-17 17:07:19,产品包装很严，酒是放在柜台上出样看的，是一次电商购物的体验，物流很快，满意。 满意。
w***4,2017-06-17 15:31:38,买了回去，还没看到，拿来送人的，能买到还是很幸运，哈哈
y***i,2017-06-17 14:19:07,还没喝，等朋友回来品下味道！
t***6,2017-06-17 13:39:04,收到货了，包装很扎实，完全不担心损坏，比某东强多了，哈哈
玩***2,2017-06-17 13:12:25,很好
姚***h,2017-06-17 10:54:55,保护措施得当，没有漏酒。相信官方旗舰店的信誉，应该是正品，还没有验证与品尝。先满分好评。 好，发票补发也已收到。
k***2,2017-06-17 10:06:54,酒很好 质量有保障  物流顺丰没得说 很快 必须好评
z***1,2017-06-16 20:08:08,国酒茅台，喝出健康来 酿造高品位的生活！
c***9,2017-06-16 19:51:50,不错的购物体验。包装很好！
p***5,2017-06-16 17:52:57,相信官方店！包装的非常好，一点也没问题。希望有促销。
光***洲,2017-06-16 14:32:01,很好
翼***风,2017-06-16 10:50:21,酒应该假不了。。不过说实话，&ldquo;飞天茅台&rdquo;几个字就在快递单上写着，这个顺丰的包装如果快递员想掉包实在太简单了。就是一层透明胶带
梦***空,2017-06-15 21:58:10,好酒，价有点高。
y***t,2017-06-15 21:35:09,好好好好好好好好
l***d,2017-06-15 20:44:19,包装完好
f***7,2017-06-15 20:27:54,很好！！！
g***9,2017-06-15 20:04:12,官方旗舰店应该信得过，在购买时的备注中写到：送给老爸，请尽量早发货，能赶上父亲节最好。今天收到了，非常感谢贵州茅台和顺丰速运。扫码检验过了，是真品！
蜗***蝶,2017-06-15 15:42:55,扫了一下二维码是6月出库。显示正品。但是这两瓶的包装差距这么大。这是1000多一瓶该有的态度吗？出场时一点儿都没认真检验。不知道如今的茅台酒还有没有原来的好。1.内置包装差 2.我要求要的发票也没有寄。3.下单20天才到。这几点很不满意。  差评！！！
龙***9,2017-06-15 14:13:12,从下单到收货，19天。经查询是正品，2017年2月的货，有点新，当然，关键是正品，给5分。收段时间再喝。
w***2,2017-06-15 14:08:10,还好吧！
w***2,2017-06-15 14:07:38,茅台集团的品质还是有保障的
c***5,2017-06-15 12:27:51,不错
c***1,2017-06-15 12:13:43,此用户没有填写评论!
x***3,2017-06-15 12:03:25,挺好的。
x***3,2017-06-15 12:02:25,好评
l***5,2017-06-15 11:36:34,包装专业，发货迅速，货品很好。
毛***贝,2017-06-15 11:23:31,不错
常***建,2017-06-15 10:43:59,今年的酒总重只有950左右，我看以前的都1000左右，是缺斤少两了还是瓶身重量轻了？？？
快***7,2017-06-15 10:31:38,老公喜爱喝的酒，蛮好。相信旗舰店
赵***2,2017-06-15 08:28:40,好
m***y,2017-06-14 20:47:34,包装很好，一瓶还送了个袋子，很满意
z***n,2017-06-14 20:20:31,放心买。
h***d,2017-06-14 19:49:12,挺不错的，就是太难买
y***2,2017-06-14 19:17:08,很好，值得拥有
g***5,2017-06-14 19:11:11,宝贝很好，还没有查真伪，相信茅台旗舰店！
美***9,2017-06-14 16:46:01,此用户没有填写评论!
c***9,2017-06-14 16:42:01,刚收到，包装完好无损。不错，值得赞
w***0,2017-06-14 16:40:16,一如既往地好！
t***5,2017-06-14 12:54:48,很好。 非常好。
z***a,2017-06-14 12:44:47,旗舰店买的，应该是正品，发货比想象的要快。
k***0,2017-06-14 12:29:01,包装很好，还送了手提袋，谢谢！发票没寄，还是信任茅台旗舰店的
l***4,2017-06-14 12:05:04,什么时间可以买到生肖酒，这个有点少
和***行,2017-06-14 11:25:44,第二次购买了，相信旗舰店，品质有保证，相信国酒，有品位，中国人就要喝自己的国酒！快递服务好！点赞！
m***3,2017-06-14 11:00:25,应该是正品
l***3,2017-06-14 10:51:12,不错
飘***7,2017-06-14 10:45:36,酒收到，包装完好，但是没有发票，希望补发票给我，谢谢！
n***1,2017-06-14 10:38:40,没有验证，包装满意，很细致！相信官网！
l***0,2017-06-14 10:26:42,酒可以，只是没发票，以前一直有发票的。
快***7,2017-06-14 10:26:29,茅台酒还是不错的，就是难买，还要抢
c***2,2017-06-14 10:05:15,又涨了！
s***5,2017-06-14 09:53:53,东西不错，全5好评！
s***5,2017-06-14 09:53:38,东西不错，全5好评！
s***5,2017-06-14 09:53:18,东西不错，全5好评！
s***5,2017-06-14 09:53:00,东西不错，全5好评！
y***3,2017-06-13 22:58:31,就是验货器都没有了！只能自己再找一个验货。
h***2,2017-06-13 22:50:02,不知道真假，饥饿营销。
g***7,2017-06-13 22:35:46,非常满意的一次购物，下单到发货，13天&hellip;&hellip;等待是值得的！店家包装精美，保护措施完美，超点赞&hellip;&hellip;下次还会再买！
林***3,2017-06-13 22:21:46,好，正品。
s***6,2017-06-13 21:38:59,不错，就是每次只能拍两瓶比较麻烦
h***8,2017-06-13 19:44:04,没问题，好评，要是价格再低点就更OK了。
r***8,2017-06-13 18:18:17,真的不错，包装很好！产品也非常好！以后还来。
r***h,2017-06-13 16:03:35,新酒也好喝
t***2,2017-06-13 14:16:17,好
w***e,2017-06-13 12:46:41,不错，很好，正品当然放心啦！下次再光顾
x***4,2017-06-13 12:26:25,相信茅台宫网，想买一箱的。
q***9,2017-06-13 11:57:58,正品五星好评，顺丰快递真快。
t***1,2017-06-13 10:42:53,包装得挺好，还有保价，不错。
益***饰,2017-06-12 23:20:38,已经放冰箱冷藏.....这个有没有保质期限，放到过年可以不
l***0,2017-06-12 19:40:15,国人的国酒情节，也只有在这里才能得到最大限度的满足，实体店，好忖的。收到货，外包装一看，基本未动，打开一看，应该是开门的。本来是多了一个不信任的环节，是顺丰消除了这个疑虑。马上喝有点辣口，至少5年以上才够。感谢天猫，感谢茅台，感谢顺丰，共同完成了一次愉快的购物！ 惊喜！
j***6,2017-06-12 16:19:12,买来送人的，杯子碎了，客服即时补发
离***8,2017-06-12 15:48:16,挺好
w***f,2017-06-12 15:15:55,信赖正品
q***9,2017-06-12 08:34:57,非常好
a***8,2017-06-12 01:56:43,不知道真不真，新酒也不能马上喝，看看能不能两年后来追评，哈哈哈，相信官网吧
a***8,2017-06-12 01:56:35,不知道真不真，新酒也不能马上喝，看看能不能两年后来追评，哈哈哈，相信官网吧
a***8,2017-06-12 01:56:28,不知道真不真，新酒也不能马上喝，看看能不能两年后来追评，哈哈哈，相信官网吧
a***8,2017-06-12 01:55:39,不知道真不真，新酒也不能拿出来喝～相信官网吧
x***l,2017-06-11 15:18:51,此用户没有填写评论!
小***3,2017-06-11 10:43:51,此用户没有填写评论!
紫***薇,2017-06-11 10:43:08,帮朋友买的，不错
阳***1,2017-06-10 22:55:00,相信是正品，拿来存着
p***n,2017-06-10 22:00:57,满意！飞天茅台价格飞涨，可还有这么多人购买，从众心理啊，买涨不买落。特别是鸡年茅台酒更是疯抢，国人素质问题啊！投机倒把，指望一夜暴富，对国人也只能是哈哈了！
傲***冰,2017-06-09 17:43:56,好卖家
傲***冰,2017-06-09 17:43:28,好卖家
x***8,2017-06-09 15:48:19,喝了一杯还有一半，正品，美美的
x***8,2017-06-09 15:47:07,正品喝了一瓶
林***3,2017-06-09 15:40:34,正品，好，包装完美
f***l,2017-06-09 14:51:30,包装完美。
f***l,2017-06-09 14:50:03,包装完美。
s***6,2017-06-09 13:08:13,不错，多拍了一些备用
s***6,2017-06-09 13:07:25,最近放的多买的也多，就是价格提了一百一瓶
t***3,2017-06-09 12:58:43,买到了，开心！
t***3,2017-06-09 12:57:54,很好！
s***3,2017-06-09 10:46:59,非常不错
陈***0,2017-06-09 09:56:36,挺好
陈***0,2017-06-09 09:56:28,挺好
陈***0,2017-06-09 09:56:20,挺好
陈***0,2017-06-09 09:56:13,挺好
陈***0,2017-06-09 09:56:05,挺好
陈***0,2017-06-09 09:55:57,挺好
陈***0,2017-06-09 09:55:48,挺好
陈***0,2017-06-09 09:55:39,挺好
d***8,2017-06-09 09:55:38,没抢到生肖茅台，买两瓶飞天算了，旗舰店应该是真的吧
陈***0,2017-06-09 09:55:29,挺好
青***条,2017-06-09 00:04:20,没喝，希望好
z***2,2017-06-08 22:32:10,很好，非常满意
l***u,2017-06-08 18:41:13,好酒
曦***0,2017-06-08 17:58:33,经销商和直销一样都是卖1299，经销商就不赚钱卖啦？还有就是不需要在这里抢了，山姆会员店价格一个样，而且能够整箱买。
t***5,2017-06-08 14:04:14,很好。 很好。
t***5,2017-06-08 14:03:44,很好。 很好。
旺***天,2017-06-08 11:57:47,很好，放心购买，下次再来
陈***2,2017-06-08 11:45:59,好酒！！！
星***岸,2017-06-08 11:16:06,还没喝，应该是正品
勤***堂,2017-06-08 10:27:02,酒正服务好物流快
勤***堂,2017-06-08 10:25:55,酒正服务好物流快
九***九,2017-06-08 10:24:17,OK。。。。。。。。。。 OK。。。。。。。。。。。。。
九***九,2017-06-08 10:23:52,OK。。。。。。。。。。。。 OK
石***8,2017-06-08 09:19:06,货物完好，物流快捷！满意！
小***e,2017-06-08 08:20:46,服务态度差。
记***记,2017-06-07 21:14:48,旗舰店直销，虽说是预订30天内发货，下单后不到一个星期就有货发货信息，快递包装起着对酒瓶完好好的保护，封条、发票等齐整全放心。
x***5,2017-06-07 20:00:38,好评
小***鸡,2017-06-07 19:54:32,非常好
小***巴,2017-06-07 19:39:11,国酒茅台，名不虚传，值得信赖！
九***九,2017-06-07 17:29:19,好 好
艾***仕,2017-06-07 17:22:42,很好，为什么涨价这么快？
周***林,2017-06-07 13:45:01,已经到货了，但还没拆开！期待中
a***1,2017-06-07 13:16:12,好评.买起来收藏
a***1,2017-06-07 13:15:44,可惜不能一箱一箱买又不能一次发一箱
t***y,2017-06-07 12:58:00,还行
上***6,2017-06-07 12:54:09,不错的东东.全5分！
梦***空,2017-06-07 12:03:26,酒是好酒，就是价高。
小***1,2017-06-07 12:00:46,好好好
小***1,2017-06-07 12:00:17,一如既往
浩***8,2017-06-07 10:56:59,是正品值得拥有
冰***y,2017-06-07 10:53:11,不知是否真货？
z***9,2017-06-07 10:04:58,包牢固，发票齐。酒正。
芋***2,2017-06-07 08:49:16,一如既往的好
w***3,2017-06-07 06:46:55,很好...
f***m,2017-06-07 02:02:56,喝酒只能喝茅台
青***条,2017-06-06 18:21:14,没喝，希望好
青***条,2017-06-06 18:20:49,没喝，希望好
孟***3,2017-06-06 17:01:57,管网，质量没得说
h***7,2017-06-06 15:54:04,很好，多次购买
t***8,2017-06-06 15:37:46,此用户没有填写评论!
朱***6,2017-06-06 15:11:11,正宗好酒！
q***6,2017-06-06 13:48:57,还没喝
t***6,2017-06-06 10:59:10,茅台自家的电商，值得信赖，希望多搞活动，给优惠百姓
l***3,2017-06-06 10:08:28,买纪念鸡酒，第一时间确定。却不能给我地址发货。说不行！太可恶了！凭什么不能发货？！太可恶了！
s***6,2017-06-06 09:08:29,很好，继续支持
烽***1,2017-06-05 23:51:17,不好
s***6,2017-06-05 21:46:23,好不容易拍到，现在放的多了。好拍了
t***9,2017-06-05 20:54:53,发货快，是正品，还会再来
w***n,2017-06-05 15:19:32,此用户没有填写评论!
t***8,2017-06-05 12:25:26,正品，送的玻璃杯碎了一对，很快就给补来了，不错的网购体验。
t***0,2017-06-05 12:18:05,一个字：满意，好！
我***8,2017-06-05 09:59:47,好东西，喝了一瓶酒了
林***码,2017-06-05 08:41:15,没喝，898出厂价还是希望多活动
蓝***1,2017-06-05 07:54:04,不错不错，虽然价格到了最高，可是能买到也欣慰，还不用担心是假货，赞！
h***e,2017-06-04 20:24:50,买了就涨价了，幸好
王***9,2017-06-04 17:52:15,宝贝安全到家，一次特别愉快的购物，期待我购买的茅台生肖鸡快点收到。
王***9,2017-06-04 17:49:57,购买的宝贝安全收到，滴酒不漏，大品牌值得信赖，特别感谢顺丰快递，特别特别特别的认真，有人说中国只有两家快递，顺丰和其他！一点不错。
l***3,2017-06-04 17:02:08,真货。包装完美。希望继续保持下去！
l***3,2017-06-04 17:00:17,第一是真货。包装完好无损。赞赞了
p***t,2017-06-04 13:43:31,?
g***c,2017-06-04 09:01:10,此用户没有填写评论!
h***6,2017-06-03 22:14:54,物流快，东西好，值得推荐，就是数量太少！
炫***彩,2017-06-03 21:06:34,宝贝很好，很值得买，还会再回购的
杨***8,2017-06-03 15:15:10,此用户没有填写评论!
s***i,2017-06-03 10:21:10,此用户没有填写评论!
g***b,2017-06-03 09:58:35,非常好好
峰***6,2017-06-03 08:29:47,国酒。
李***5,2017-06-02 22:35:18,严格各种方式验证，真货无疑！！！挚爱茅台。
c***8,2017-06-02 16:27:15,限购很难买到，估计又像房子一样被人炒起来了
小***4,2017-06-02 13:24:39,就是少
z***8,2017-06-02 11:36:08,鄙视你们这种欺诈的恶劣行为！
z***8,2017-06-02 11:34:08,一群群的骗子团伙，一点点的诚信的也没有！不配国酒之称！
a***1,2017-06-02 11:02:15,直接就收藏啦，没验货
天***子,2017-06-01 21:54:33,不知道好不好，喝完再说
绚***芳,2017-06-01 19:40:33,一如既往的好，已经在这家店购买了4年的时间，很遗憾，今年得鸡年纪念酒，还没有买到。
葛***东,2017-06-01 17:44:20,货已收，未品尝，应该会不错......
q***5,2017-06-01 15:24:03,运来酒杯坏了，还重新寄了一个，不错。
y***n,2017-06-01 11:22:52,很好！OK?
e***2,2017-06-01 09:45:03,好评
e***2,2017-06-01 09:44:46,茅台，在这里买的是官方渠道的信心。
h***f,2017-05-31 23:30:44,保护措施做的非常好，是2月份的酒，包装精美，防伪标志没有任何破损，重要的是在官网上买着放心，价格不是最重要的，买到货真你实的酒才是最重要的！
烽***1,2017-05-31 23:05:52,不好
w***思,2017-05-31 17:27:10,包装很好！
北***4,2017-05-31 15:49:03,酒是好酒，费劲抢上，回头到超市一看，15年生产的酒1280一瓶，多的是。这事搞笑的
璃***7,2017-05-31 12:49:42,挺好的
赤***4,2017-05-31 12:22:13,不错
x***5,2017-05-30 22:55:45,好。。好。。好
l***3,2017-05-30 22:53:14,官网真品，包装很仔细，不用担心破损
o***u,2017-05-30 14:56:55,好的一塌糊涂
山***雪,2017-05-30 14:20:59,酒还没喝，包装很好
芋***2,2017-05-30 13:02:09,一如既往的好
九***九,2017-05-30 09:56:50,好 好
l***f,2017-05-30 06:03:40,本想买生肖五星茅台的，但抢单后总提示不在送货范围，咨询多次啥区域能买，说一下，就可以换地址购买，结果客服啥都不说，让自己试，以为自己是地下党啊，人为制造网络拥挤流、紧张气氛，试一次要整点关注，浪费客户时间，精力，店大欺客。
老***q,2017-05-30 04:07:52,很好，第二次购买了，贵了300元（比第一次），验后是正品. 发货迅速，包装完好
t***8,2017-05-29 18:16:03,老公叫买的，不知道是不是正品
t***8,2017-05-29 18:15:35,不懂，希望是正品吧
梦***空,2017-05-29 18:14:10,好酒，就是涨的太快了，这个涨法，年底要到1600了。
c***6,2017-05-29 17:32:27,NFC实测，正品茅台，官网品质有保证～
c***6,2017-05-29 17:32:18,NFC实测，正品茅台，官网品质有保证～
李***8,2017-05-29 15:33:55,味道不错，是正平，服务好帮装好
i***9,2017-05-29 13:47:30,真是太幸运了，让我抢到了一瓶，等了好久，买来给爸爸的。
赵***岩,2017-05-29 11:56:18,实惠，好东西
h***5,2017-05-29 09:32:52,越存越香，随着时间推移还增值保值，抵御通货膨胀，酒是用来喝的吗？感觉茅台酒值得拥有！
h***5,2017-05-29 09:28:12,直接就收藏啦，没验货，期待茅台今年八月十五涨价到2000。
h***u,2017-05-29 08:48:51,涨价了
r***h,2017-05-29 07:43:19,很好
卢***8,2017-05-28 23:39:24,物流、服务态度般，酒包装很好。有发票，相信应该是正品，品质如何，尝后再加评价！
卢***8,2017-05-28 23:38:53,物流、服务态度般，酒包装很好。有发票，相信应该是正品，品质如何，尝后再加评价！
卢***8,2017-05-28 23:38:10,物流、服务态度般，酒包装很好。有发票，相信应该是正品，品质如何，尝后再加评价！
a***s,2017-05-28 22:15:42,贵贵贵，还没喝也不知道怎么样
w***1,2017-05-28 22:00:42,不买又要涨价了
w***8,2017-05-28 16:37:13,打开包装就闻到茅台酒浓郁的香味了，先存着。等鸡年纪念有货再买一瓶！
青***条,2017-05-28 14:23:01,希望好
青***条,2017-05-28 14:22:38,希望好
上***6,2017-05-28 12:38:37,发货速度大赞赶上端午节、包装严实、酒是精美无比～全5分！
火***弟,2017-05-28 12:34:21,发货速度很快，物流合商品都很给力，还会再来！谢谢客服安妮的服务，下次还找你，谢谢！
i***g,2017-05-28 10:45:23,差差差
k***4,2017-05-28 10:16:56,涨价了，1299买的
上***6,2017-05-28 08:54:37,酒好、包装精致、不错的东东、全5分！
叶***琴,2017-05-28 08:51:51,挺好
s***e,2017-05-28 07:05:53,有一瓶漏气。总体感觉网上购买的有点瑕疵
x***9,2017-05-28 00:58:18,很快，比想象的要快多了
y***8,2017-05-28 00:52:28,查验了是正品！美中不足的是，生产日期太新了，当月生产的。
l***4,2017-05-27 23:52:33,一支漏了，换到现在也没寄回来，催了几次售后客服，不管用，差
p***8,2017-05-27 22:17:26,很满意的一次购物，希望价格能再优惠点就好了?
曦***0,2017-05-27 20:24:02,应该放开整箱销售才对，限购两箱不更好吗，实在不行限购一整箱也可以的呀，弄得零零散散真心不爽
j***g,2017-05-27 18:01:32,很不错，飞天稍微好买点，丁酉鸡年生肖酒实在是太难了，一直没抢到。不错哦，朋友订婚敬酒用了。
马***2,2017-05-27 16:38:37,又涨价了！ 哎！ ........
h***u,2017-05-27 15:01:46,可以！
蓝***幻,2017-05-27 14:07:36,帮别人买的，也不知道好不好。应该没问题吧，有问题就说了。 帮别人买的，也不知道好不好。应该没问题吧，有问题就说了。
大***a,2017-05-27 13:58:35,发货很快
h***7,2017-05-27 11:21:15,多次购买，很好
v***i,2017-05-27 11:15:26,好东西，可惜一直涨，买不起了
p***n,2017-05-27 09:54:03,好酒，
a***9,2017-05-27 01:25:35,牛逼！
a***9,2017-05-27 01:25:05,霸道！
e***5,2017-05-26 22:45:02,希望能多搞优惠活动。　茅台集团总经理李保芳在股东大会上表示：&ldquo;一定要关注价格。出厂价819（元）今年不动，首先要考虑经销商利润，经销商利润已经够大了，另外要考虑消费者。&rdquo;不知道这个价格是否已经考虑消费者了。在考虑社会、企业、经销商、消费者时，是否也可以对消费者说&ldquo;这个价格对消费者让利够多了&rdquo;。供参考。
h***7,2017-05-26 22:20:56,正品，好酒！
s***7,2017-05-26 18:25:01,hao hao
夏***服,2017-05-26 16:12:09,收到
华***8,2017-05-26 15:46:51,酒不错，是真的！
h***5,2017-05-26 14:52:33,货收到，其中一瓶酒瓶盖松动有酒味溢出，与客服沟通要求有酒溢出浸泡的痕迹照片，因酒易挥发，本人无法满足，沟通无效，只好确认收货！
l***2,2017-05-26 13:57:12,正品
j***u,2017-05-26 13:34:14,顺丰发货时间还是早于公司二维码出库时间。到底是怎么回事啊???
w***8,2017-05-26 13:33:38,正品
l***4,2017-05-26 13:00:01,能否做个优惠活动，价格有点高，官方旗舰店买着就是放心啊，大品牌就是服务好
l***4,2017-05-26 12:58:14,物流是相当的快啊，包装也漂亮，官方旗舰店买着就是放心，就是价格有点高了，能否优惠啊，
z***0,2017-05-26 12:40:31,好酒 好
l***g,2017-05-26 10:41:13,发货还是挺快的。
z***1,2017-05-26 06:28:04,相信官网，正品
于***生,2017-05-25 22:41:08,不错
h***o,2017-05-25 22:18:54,速度比较快的，真假不知。
星***吉,2017-05-25 22:11:42,帮公司代买的。抢购，就我一个人抢到了
王***6,2017-05-25 21:47:19,没喝，
卢***8,2017-05-25 20:13:38,收到，渠道来源正常，喝后再加评价
土***2,2017-05-25 20:11:28,好酒要等好久
土***2,2017-05-25 20:10:02,外包装结实耐摔，加入泡沫胶，没有外漏！
s***g,2017-05-25 19:51:58,生肖酒总是抢不到，建议一次性多放货，且限购。
l***7,2017-05-25 19:46:11,很好，第二次购买了，贵了200元（比第一次），验后是正品，希望酒厂把价位定低些，谢谢。 很好，一流服务。
张***6,2017-05-25 18:26:05,好酒，物流也快！
h***u,2017-05-25 18:18:54,噢，又涨价！
三***月,2017-05-25 18:09:15,电商平台方便 货真 放心 服务好 醉美很优秀
风***9,2017-05-25 17:01:06,看着不错，帮同事买的
美***9,2017-05-25 16:28:57,很不错的，好酒，一点都不上头
z***n,2017-05-25 15:54:26,很好呀 没得说的，发货速度也算快的。
时***树,2017-05-25 15:41:14,包装很好，快递给力。
r***1,2017-05-25 14:38:17,很满意
阳***十,2017-05-25 12:45:24,有一瓶漏了，郁闷
爱***5,2017-05-25 11:32:09,收到了茅台酒，没喝，希望是真酒。
巨***比,2017-05-25 11:08:57,挺不错、第二次购买
离***8,2017-05-25 10:56:38,还可以
上***6,2017-05-25 10:55:36,不错的东东、全5分！
马***2,2017-05-25 10:10:28,噢
t***9,2017-05-25 10:02:09,溯源扫码，是正品。
t***9,2017-05-25 10:00:54,扫码塑源，是正品。
一***七,2017-05-25 09:59:09,行，发货快满意，要是送个识别器就好了 满意
t***8,2017-05-25 09:47:55,怎么标签没贴好
快***甫,2017-05-25 07:45:44,好评！
l***3,2017-05-24 10:44:01,速度比较快，产品质量安全！保证真货！无破损。各个环节尽职敬业！??赞了！
4***l,2017-05-24 10:40:39,一般般吧
m***8,2017-05-24 10:28:55,酒厂自营好得没得说，赞一个
t***5,2017-05-24 10:26:43,很好。
y***1,2017-05-24 08:54:21,正品，行货！品质保证！
z***n,2017-05-24 06:01:45,不错，存到过年喝。
有***8,2017-05-23 22:11:03,国酒茅台，我喜欢收藏，购买茅台，我信茅台官网电商，在这里购买的茅台酒，绝对真品。支持国酒茅台，是我们每一个中国公民（股民）应尽的义务，机会还会再买！ 包装完美，发货迅速，服务良好。
火***7,2017-05-23 18:22:55,包装，物流都好！相信酒是真品！
弓***铭,2017-05-23 18:22:37,发货速度快，包装完好，官网店应该是正品，就是怎么没送个防伪检验器。快递服务好
w***7,2017-05-23 17:34:55,好 好
白***p,2017-05-23 15:19:53,买到了两瓶，限购了。传说中的茅台从外观看，做工一般靠上。细节还可以再提高，跟ZIPPO火机一样，盛名之下其实难副
我***单,2017-05-23 13:45:11,现在原价能买到100%保真的茅台，太幸福了！！！ 发货超级快，隔天就收到货了，包装完美。?
t***7,2017-05-23 13:02:06,好
g***a,2017-05-23 11:59:44,应该是正品，不错！
裙***哒,2017-05-23 09:33:51,包装很好 东西挺好
c***q,2017-05-23 09:32:20,又涨价了
s***0,2017-05-23 07:05:50,正品，很不错
a***3,2017-05-22 23:27:42,还不错
开***雨,2017-05-22 21:49:53,正品无疑，一个950，一个937，还算满意！
p***e,2017-05-22 21:24:54,买回来已经漏了，打开发现瓶子是破的，与客服沟通说打开了不能退，网上买贵重酒要慎重！
