2017-08-13,【伊利旗舰店】伊利QQ星儿童成长草莓味牛奶125ml*16盒/箱,36.8,5567
2017-08-13,伊利全脂营养奶粉400g,29.8,2562
2017-08-13,【新】伊利味可滋木瓜牛奶240ml*12盒*箱,60,102
2017-08-13,【伊利旗舰店】优酸乳爆趣珠乳饮料苹果味250*24*1箱,60,3265
2017-08-13,伊利女士高铁高钙奶粉400g*1袋,36,417
2017-08-13,【包邮】伊利 中老年营养奶粉 成人奶粉400g*4袋,128,7121
2017-08-13,【2件包邮】伊利 味可滋咖啡牛奶240ml*12盒*1箱,60,1426
2017-08-13,【买2件包邮】伊利 谷粒多燕麦牛奶 200ml*12盒/箱,48,20421
2017-08-13,【伊利】味可滋香蕉牛奶240ml*12盒,60,5482
2017-08-13,伊利暖哄哄女士经期奶粉 25g*7条*2筒 补铁暖烘烘 限量珍藏,84,661
2017-08-13,【包邮】安慕希常温酸奶香草味8*205g*2箱,88,7202
2017-08-13,伊利全脂营养奶粉400g*4袋,135.2,1928
2017-08-13,【新】伊利味可滋木瓜牛奶240ml*12盒*2箱,120,286
2017-08-13,【包邮】伊利谷粒多燕麦牛奶200ml*12盒*2箱谷物早餐奶,89,125662
2017-08-13,伊利学生营养奶粉400g*4袋,128,623
2017-08-13,伊利安慕希常温酸奶蓝莓味8*205g*1箱,46.4,2489
2017-08-13,伊利味可滋哈密瓜牛奶240ml*12盒/箱,60,176
2017-08-13,伊利学生营养奶粉400g,32,1535
2017-08-13,伊利直营女士高蛋白高钙脱脂成人奶粉4袋*400g,152,6213
2017-08-13,畅意100%乳酸菌饮品原味 100ml*30瓶,48.9,7040
2017-08-13,【包邮】舒化无乳糖牛奶-低脂型250ml*12*2箱,105.6,4652
2017-08-13,【伊利】【包邮】金典纯牛奶250ml*16盒2箱,173.4,951
2017-08-13,【包邮】伊利谷粒多黑谷谷物牛奶250ml*12*2箱,72,27848
2017-08-13,伊利直营  欣活成人奶粉中老年配方奶粉900g单听装罐装,126,930
2017-08-13,安慕希常温酸奶香草味8*205g*1箱,44,1439
2017-08-13,伊利新西兰进口全脂奶粉1kg*2包,196,2236
2017-08-13,【2件包邮】伊利QQ星儿童牛奶-健固190ml*15盒/箱,53,2191
2017-08-13,伊利味可滋哈密瓜牛奶240ml*12盒*2箱,120,281
2017-08-13,伊利舒化中老年牛奶优钙配方250ml*12盒*2箱,132,3810
2017-08-13,伊利 高锌高钙学生奶粉 补充全面营养奶粉400g,36,1038
2017-08-13,伊利牛奶Byebye拜拜君纯牛奶250ml*16盒【买2件包邮】,59.9,3870
2017-08-13,【包邮】伊利安慕希常温酸奶蓝莓味8*205g*2箱,92.8,11582
2017-08-13,【2件包邮】舒化无乳糖牛奶-低脂型250ml*12盒,52.8,4471
2017-08-13,【伊利旗舰店】伊利QQ星儿童成长牛奶-健固125ml*20盒*1箱,49,6754
2017-08-13,伊利全脂甜奶粉400g,23.8,259
2017-08-13,伊利暖哄哄女士经期奶粉 25g*7条*1筒 补铁暖烘烘 限量珍藏,42,363
2017-08-13,伊利中老年营养奶粉400g,32,1300
2017-08-13,伊利官方旗舰店无菌砖纯牛奶250ml*16盒1箱,48,22013
2017-08-13,伊利暖哄哄女士生理期经期奶粉礼盒装 补铁配方 给她暖烘烘,409,133
2017-08-13,【包邮】伊利 味可滋咖啡牛奶240ml*12盒*2箱,120,1580
2017-08-13,【2件包邮】伊利 谷粒多核桃燕麦牛奶200ml*12*1箱,50,472
2017-08-13,【2提包邮】伊利 安慕希酸奶原味酸奶16*205g*1箱 早餐牛奶,88,65495
2017-08-13,伊利官方直营 高锌高钙学生奶粉 400g*4袋,144,10602
2017-08-13,伊利舒化中老年牛奶优钙配方250ml*12盒/箱,66,4375
2017-08-13,【2件包邮】伊利谷粒多红谷物牛奶早餐奶250ml*12盒/箱,36,11567
2017-08-13,伊利QQ星儿童成长牛奶-全聪125ml*20*1箱,49,10527
2017-08-13,【包邮】伊利谷粒多红谷谷物牛奶红豆花生奶250ml*12盒*2箱,72,38738
2017-08-13,伊利暖哄哄女士生理期经期奶粉 25g*7条*1筒 补铁配方 给她暖烘烘,42,1662
2017-08-13,伊利牛奶金典低脂调制乳250ml*12盒2箱装正品保证,136,497
2017-08-13,伊利女士营养奶粉400g袋装,32,380
2017-08-13,【伊利旗舰店】【2件包邮】伊利QQ星儿童成长香草冰淇淋味牛奶,36.8,11366
2017-08-13,【包邮】伊利 味可滋巧克力牛奶 早餐牛奶240ml*12盒*2箱,120,25957
2017-08-13,【伊利旗舰店】【2件包邮】伊利舒化无乳糖牛奶-高钙奶,52.8,6735
2017-08-13,伊利女士营养奶粉400g*4袋,128,2576
2017-08-13,【2件包邮】伊利牛奶 拜拜君 脱脂牛奶 250ml*16盒  0脂肪脱脂奶,59.9,62698
2017-08-13,伊利谷粒多黑谷谷物牛奶早餐奶250ml*12盒,36,10684
2017-08-13,【伊利旗舰店】畅意100%乳酸菌饮品原味100ml*30*2箱装,97.8,3204
2017-08-13,伊利全脂甜奶粉400g*4袋早餐必备,95.2,4994
2017-08-13,伊利暖哄哄女士生理期经期奶粉 25g*7条*2筒 补铁配方 给她暖烘烘,84,2028
2017-08-13,伊利畅意100%乳酸菌饮品草莓味100ml/30瓶,48.9,8731
2017-08-13,【包邮】伊利味可滋香蕉牛奶240ml*12盒*2箱,120,13732
2017-08-13,伊利直营 果享学生奶粉学生粉900g单听装罐装,119,2121
2017-08-13,【2件包邮】伊利QQ星儿童牛奶-全聪190ml*15盒/箱 营养添智慧,53,1299
2017-08-13,伊利中老年多维高钙奶粉 400g*4袋,144,3365
2017-08-13,【包邮】伊利 谷粒多核桃燕麦牛奶200ml*12*2箱 谷物牛奶,99,5615
2017-08-13,【伊利旗舰店】伊利QQ星儿童风味酸奶205g*12*1箱,66,4364
2017-08-13,伊利女士高蛋白高钙脱脂成人奶粉400g,38,990
2017-08-13,【伊利】舒化中老年牛奶心活配方250ml*12盒*2箱,132,2470
2017-08-13,伊利舒化中老年牛奶心活配方250ml*12盒/箱,66,3165
2017-08-13,【包邮】伊利 金典有机纯牛奶250ml*12*2箱,152,12302
2017-08-13,伊利女士高铁高钙奶粉4袋*400g,144,7147
2017-08-13,【包邮】伊利牛奶 拜拜君脱脂牛奶250ml*16*2箱,160,2263
2017-08-13,【2件包邮】伊利 金典纯牛奶250ml*16*1箱 早餐奶,68,18281
2017-08-13,【伊利旗舰店】【2件包邮】伊利金典有机纯牛奶250ml*12盒/箱,68.4,14468
2017-08-13,伊利官方直营无菌砖纯牛奶1L*6盒/箱,64.8,5071
2017-08-13,【2件包邮】伊利 金典低脂调制乳牛奶250ml*12盒/箱,61.2,4188
2017-08-13,伊利安慕希原味酸奶205g*12*1箱,66,28817
2017-08-13,【伊利包邮】舒化无乳糖牛奶-高钙型 250ml*12*2箱,105.6,14232
2017-08-13,【2件包邮】伊利 味可滋巧克力牛奶240ml*12盒/箱,60,5114
2017-08-13,伊利新西兰进口全脂奶粉1kg,79,1015
2017-08-13,伊利直营欣活配方奶粉 中老年成人营养奶粉900g*2罐,252,3110
